--
-- Script was generated by Devart dbForge Studio 2020 for MySQL, Version 9.0.338.0
-- Product home page: http://www.devart.com/dbforge/mysql/studio
-- Script date 1/1/2024 10:12:43 PM
-- Server version: 10.5.23
-- Client version: 4.1
--

-- 
-- Disable foreign keys
-- 
/*!40014 SET @OLD_FOREIGN_KEY_CHECKS=@@FOREIGN_KEY_CHECKS, FOREIGN_KEY_CHECKS=0 */;

-- 
-- Set SQL mode
-- 
/*!40101 SET @OLD_SQL_MODE=@@SQL_MODE, SQL_MODE='NO_AUTO_VALUE_ON_ZERO' */;

-- 
-- Set character set the client will use to send SQL statements to the server
--
SET NAMES 'utf8';

--
-- Set default database
--
USE workflow_management;

--
-- Drop table `attachment`
--
DROP TABLE IF EXISTS attachment;

--
-- Drop table `card`
--
DROP TABLE IF EXISTS card;

--
-- Drop table `card_attachment`
--
DROP TABLE IF EXISTS card_attachment;

--
-- Drop table `checklist`
--
DROP TABLE IF EXISTS checklist;

--
-- Drop table `comment`
--
DROP TABLE IF EXISTS comment;

--
-- Drop table `favorite`
--
DROP TABLE IF EXISTS favorite;

--
-- Drop table `job`
--
DROP TABLE IF EXISTS job;

--
-- Drop table `kanban`
--
DROP TABLE IF EXISTS kanban;

--
-- Drop table `kanban_default`
--
DROP TABLE IF EXISTS kanban_default;

--
-- Drop table `notification`
--
DROP TABLE IF EXISTS notification;

--
-- Drop table `project`
--
DROP TABLE IF EXISTS project;

--
-- Drop table `session`
--
DROP TABLE IF EXISTS session;

--
-- Drop table `user_project`
--
DROP TABLE IF EXISTS user_project;

--
-- Drop table `user_workspace`
--
DROP TABLE IF EXISTS user_workspace;

--
-- Drop table `wms_log`
--
DROP TABLE IF EXISTS wms_log;

--
-- Drop table `workspace`
--
DROP TABLE IF EXISTS workspace;

--
-- Drop table `refreshtoken`
--
DROP TABLE IF EXISTS refreshtoken;

--
-- Drop table `user`
--
DROP TABLE IF EXISTS user;

--
-- Set default database
--
USE workflow_management;

--
-- Create table `user`
--
CREATE TABLE user (
  Id char(36) NOT NULL DEFAULT '',
  Username varchar(100) DEFAULT NULL,
  Email varchar(50) DEFAULT NULL,
  Password varchar(255) DEFAULT NULL,
  ProviderId varchar(255) DEFAULT NULL,
  Provider varchar(100) DEFAULT NULL,
  Fullname varchar(100) DEFAULT NULL,
  ImageUrl varchar(255) DEFAULT NULL,
  CreatedAt datetime DEFAULT NULL,
  CreatedBy varchar(255) DEFAULT NULL,
  UpdatedAt datetime DEFAULT NULL,
  UpdatedBy varchar(255) DEFAULT NULL,
  PRIMARY KEY (Id)
)
ENGINE = INNODB,
AVG_ROW_LENGTH = 4096,
CHARACTER SET utf8,
COLLATE utf8_general_ci,
COMMENT = 'Bảng tài khoản người dùng';

--
-- Create table `refreshtoken`
--
CREATE TABLE refreshtoken (
  RefreshTokenId char(36) NOT NULL DEFAULT '',
  UserId char(36) NOT NULL DEFAULT '',
  Token varchar(255) DEFAULT NULL,
  JwtId varchar(255) DEFAULT NULL,
  IsUsed tinyint(1) DEFAULT NULL,
  IsRevoked tinyint(1) DEFAULT NULL,
  IssueAt datetime DEFAULT NULL,
  ExpiredAt varchar(255) DEFAULT NULL,
  PRIMARY KEY (RefreshTokenId)
)
ENGINE = INNODB,
CHARACTER SET utf8,
COLLATE utf8_general_ci,
COMMENT = 'Bảng refresh token';

--
-- Create foreign key
--
ALTER TABLE refreshtoken
ADD CONSTRAINT FK_refreshtoken_UserId FOREIGN KEY (UserId)
REFERENCES user (Id) ON DELETE NO ACTION;

--
-- Create table `workspace`
--
CREATE TABLE workspace (
  Id char(36) NOT NULL DEFAULT '' COMMENT 'id không gian làm việc',
  UserId char(36) DEFAULT NULL,
  WorkspaceName varchar(255) DEFAULT NULL COMMENT 'tên không gian làm việc',
  ImageUrl varchar(255) DEFAULT NULL COMMENT 'id image',
  Type int(11) DEFAULT NULL COMMENT 'loại không gian làm việc',
  CreatedAt datetime DEFAULT NULL,
  CreatedBy varchar(255) DEFAULT NULL,
  UpdatedAt datetime DEFAULT NULL,
  UpdatedBy varchar(255) DEFAULT NULL,
  SortOrder varchar(255) DEFAULT NULL,
  Description text DEFAULT NULL,
  PRIMARY KEY (Id)
)
ENGINE = INNODB,
AVG_ROW_LENGTH = 2340,
CHARACTER SET utf8,
COLLATE utf8_general_ci,
COMMENT = 'bảng không gian làm việc';

--
-- Create table `wms_log`
--
CREATE TABLE wms_log (
  Id int(11) NOT NULL AUTO_INCREMENT,
  Application varchar(255) NOT NULL DEFAULT '',
  Logged datetime DEFAULT NULL,
  Level varchar(255) DEFAULT NULL,
  Message text DEFAULT NULL,
  Logger varchar(255) DEFAULT NULL,
  CallSite varchar(255) DEFAULT NULL,
  Exception text DEFAULT NULL,
  PRIMARY KEY (Id)
)
ENGINE = INNODB,
AUTO_INCREMENT = 182,
AVG_ROW_LENGTH = 543,
CHARACTER SET utf8,
COLLATE utf8_general_ci;

--
-- Create table `user_workspace`
--
CREATE TABLE user_workspace (
  Id char(36) NOT NULL DEFAULT '',
  UserId char(36) DEFAULT NULL,
  WorkspaceId char(36) DEFAULT NULL,
  UserRole int(11) DEFAULT NULL,
  CreatedAt datetime DEFAULT NULL,
  UpdatedAt datetime DEFAULT NULL,
  CreatedBy varchar(255) DEFAULT NULL,
  UpdatedBy varchar(255) DEFAULT NULL,
  PRIMARY KEY (Id)
)
ENGINE = INNODB,
AVG_ROW_LENGTH = 2340,
CHARACTER SET utf8,
COLLATE utf8_general_ci,
COMMENT = 'bảng trung gian không gian làm việc với người dùng';

--
-- Create table `user_project`
--
CREATE TABLE user_project (
  Id char(36) NOT NULL DEFAULT '',
  UserId char(36) DEFAULT NULL,
  ProjectId char(36) DEFAULT NULL,
  UserRole int(11) DEFAULT NULL,
  CreatedAt datetime DEFAULT NULL,
  UpdatedAt datetime DEFAULT NULL,
  CreatedBy varchar(255) DEFAULT NULL,
  UpdatedBy varchar(255) DEFAULT NULL,
  IsFavorite tinyint(1) DEFAULT NULL,
  PRIMARY KEY (Id)
)
ENGINE = INNODB,
AVG_ROW_LENGTH = 4681,
CHARACTER SET utf8,
COLLATE utf8_general_ci,
COMMENT = 'bảng quan hệ người dùng với project';

--
-- Create table `session`
--
CREATE TABLE session (
  SessionId char(36) DEFAULT NULL,
  UserId char(36) DEFAULT NULL,
  Token text DEFAULT NULL,
  ExpirationTime datetime DEFAULT NULL
)
ENGINE = INNODB,
CHARACTER SET utf8,
COLLATE utf8_general_ci,
COMMENT = 'bảng sesion lưu phiên đăng nhập';

--
-- Create table `project`
--
CREATE TABLE project (
  Id char(36) NOT NULL DEFAULT '' COMMENT 'id dự án',
  UserId char(36) NOT NULL DEFAULT '',
  WorkspaceId char(36) DEFAULT NULL,
  ProjectName varchar(255) DEFAULT NULL,
  Type int(11) DEFAULT NULL,
  ImageUrl varchar(255) DEFAULT NULL,
  CreatedAt datetime DEFAULT NULL,
  CreatedBy varchar(255) DEFAULT NULL,
  UpdatedAt datetime DEFAULT NULL,
  UpdatedBy varchar(255) DEFAULT NULL,
  PRIMARY KEY (Id)
)
ENGINE = INNODB,
AVG_ROW_LENGTH = 2340,
CHARACTER SET utf8,
COLLATE utf8_general_ci,
COMMENT = 'Bảng dự án';

--
-- Create table `notification`
--
CREATE TABLE notification (
  Id int(11) NOT NULL AUTO_INCREMENT,
  PRIMARY KEY (Id)
)
ENGINE = INNODB,
CHARACTER SET utf8,
COLLATE utf8_general_ci,
COMMENT = 'bảng thông báo';

--
-- Create table `kanban_default`
--
CREATE TABLE kanban_default (
  Id char(36) DEFAULT NULL,
  Title varchar(255) DEFAULT NULL,
  Style longtext binary CHARACTER SET utf8mb4 COLLATE utf8mb4_bin DEFAULT NULL CHECK (JSON_VALID(`Style`)),
  SortOrder int(11) DEFAULT NULL,
  CreatedAt datetime DEFAULT NULL,
  CreatedBy varchar(255) DEFAULT NULL,
  UpdateAt datetime DEFAULT NULL,
  UpdatedBy varchar(255) DEFAULT NULL,
  IsSystem tinyint(1) DEFAULT NULL
)
ENGINE = INNODB,
CHARACTER SET utf8,
COLLATE utf8_general_ci,
COMMENT = 'bảng kanban default';

--
-- Create table `kanban`
--
CREATE TABLE kanban (
  Id char(36) DEFAULT NULL,
  ProjectId char(36) DEFAULT NULL,
  UserId char(36) DEFAULT NULL,
  Title varchar(255) DEFAULT NULL,
  SortOrder double DEFAULT NULL,
  CreatedAt datetime DEFAULT NULL,
  CreatedBy varchar(255) DEFAULT NULL,
  UpdatedAt datetime DEFAULT NULL,
  UpdatedBy varchar(255) DEFAULT NULL,
  ExtraProperty text DEFAULT NULL
)
ENGINE = INNODB,
AVG_ROW_LENGTH = 2048,
CHARACTER SET utf8,
COLLATE utf8_general_ci,
COMMENT = 'bảng kanban';

--
-- Create table `job`
--
CREATE TABLE job (
  Id char(36) NOT NULL DEFAULT '',
  ChecklistId char(36) DEFAULT NULL,
  CardId char(36) DEFAULT NULL,
  JobName varchar(255) DEFAULT NULL,
  StartDate datetime DEFAULT NULL,
  FinishDate datetime DEFAULT NULL,
  ExpireDate datetime DEFAULT NULL,
  IsFinished tinyint(1) DEFAULT NULL,
  Status int(11) DEFAULT NULL,
  ExtraProperty text DEFAULT NULL,
  CreatedAt datetime DEFAULT NULL,
  CreatedBy varchar(255) DEFAULT NULL,
  UpdatedAt datetime DEFAULT NULL,
  UpdatedBy varchar(255) DEFAULT NULL,
  SortOrder double DEFAULT NULL,
  PRIMARY KEY (Id)
)
ENGINE = INNODB,
AVG_ROW_LENGTH = 1092,
CHARACTER SET utf8,
COLLATE utf8_general_ci,
COMMENT = 'bảng công việc';

--
-- Create table `favorite`
--
CREATE TABLE favorite (
  UserId char(36) NOT NULL,
  ProjectId char(36) NOT NULL,
  IsFavorite tinyint(1) DEFAULT NULL,
  PRIMARY KEY (UserId, ProjectId)
)
ENGINE = INNODB,
CHARACTER SET utf8,
COLLATE utf8_general_ci;

--
-- Create table `comment`
--
CREATE TABLE comment (
  Id int(11) NOT NULL AUTO_INCREMENT,
  PRIMARY KEY (Id)
)
ENGINE = INNODB,
CHARACTER SET utf8,
COLLATE utf8_general_ci,
COMMENT = 'bảng bình luận';

--
-- Create table `checklist`
--
CREATE TABLE checklist (
  Id char(36) NOT NULL,
  CheckListName varchar(255) DEFAULT NULL,
  CardId char(36) DEFAULT NULL,
  SortOrder int(11) DEFAULT NULL,
  PRIMARY KEY (Id)
)
ENGINE = INNODB,
AVG_ROW_LENGTH = 3276,
CHARACTER SET utf8,
COLLATE utf8_general_ci,
COMMENT = 'bảng checklist công viêc trong 1 thẻ công việc';

--
-- Create table `card_attachment`
--
CREATE TABLE card_attachment (
  CardId char(36) DEFAULT NULL,
  AttachmentId char(36) DEFAULT NULL
)
ENGINE = INNODB,
AVG_ROW_LENGTH = 963,
CHARACTER SET latin1,
COLLATE latin1_swedish_ci;

--
-- Create table `card`
--
CREATE TABLE card (
  Id char(36) NOT NULL DEFAULT '',
  Title varchar(255) DEFAULT NULL,
  KanbanId char(36) DEFAULT NULL,
  StartDate datetime DEFAULT NULL,
  FinishDate datetime DEFAULT NULL,
  ExpireDate datetime DEFAULT NULL,
  Description text DEFAULT NULL,
  CreatedAt datetime DEFAULT NULL,
  CreatedBy varchar(255) DEFAULT NULL,
  UpdatedAt datetime DEFAULT NULL,
  UpdatedBy varchar(255) DEFAULT NULL,
  IsFinished tinyint(1) DEFAULT NULL,
  RemindType int(11) DEFAULT NULL,
  UserId char(36) DEFAULT NULL,
  ExtraProperty text DEFAULT NULL,
  SortOrder double DEFAULT NULL,
  Tags text DEFAULT NULL,
  PRIMARY KEY (Id)
)
ENGINE = INNODB,
AVG_ROW_LENGTH = 2048,
CHARACTER SET utf8,
COLLATE utf8_general_ci,
COMMENT = 'bảng danh sách các thẻ công việc';

--
-- Create table `attachment`
--
CREATE TABLE attachment (
  Id char(36) CHARACTER SET latin1 COLLATE latin1_swedish_ci DEFAULT NULL,
  BucketName varchar(255) CHARACTER SET latin1 COLLATE latin1_swedish_ci DEFAULT NULL,
  ObjectName varchar(255) CHARACTER SET latin1 COLLATE latin1_swedish_ci DEFAULT NULL,
  FileName varchar(255) CHARACTER SET latin1 COLLATE latin1_swedish_ci DEFAULT NULL,
  ContentType varchar(255) CHARACTER SET latin1 COLLATE latin1_swedish_ci DEFAULT NULL,
  Size double DEFAULT NULL,
  Type int(11) DEFAULT NULL,
  CreatedAt datetime DEFAULT NULL,
  CreatedBy varchar(255) CHARACTER SET latin1 COLLATE latin1_swedish_ci DEFAULT NULL,
  UpdatedAt datetime DEFAULT NULL,
  UpdatedBy varchar(255) CHARACTER SET latin1 COLLATE latin1_swedish_ci DEFAULT NULL
)
ENGINE = INNODB,
AVG_ROW_LENGTH = 6553,
CHARACTER SET utf8,
COLLATE utf8_general_ci,
COMMENT = 'bảng thông tin file';

-- 
-- Dumping data for table user
--
INSERT INTO user VALUES
('1574c036-d273-4164-9e5c-cb14ecbe7428', 'tien.hust', 'tien@gmail.com', '1', NULL, NULL, 'vdtien', NULL, NULL, NULL, NULL, NULL),
('28e931b3-76b7-49bf-bd5b-0d83c5efa229', 'tien', 'tien1@gmail.com', '1', NULL, NULL, 'tien', NULL, '2023-11-02 17:53:17', NULL, '2023-11-02 17:53:17', NULL),
('61f4e6a9-7541-4fe0-81e9-66d78980ef1f', 'admin', 'admin@gmail.com', 'admin', NULL, NULL, 'admin', NULL, NULL, NULL, NULL, NULL),
('7de565ee-8a2d-412b-9272-ed047e34f339', 'test', 'test@gmail.com', '1', NULL, NULL, 'test', NULL, '2023-10-28 22:40:20', NULL, '2023-10-28 22:40:20', NULL),
('eac9d2aa-4d62-459e-a85f-364ed55febe3', 'vdtien', 'vdtien@gmail.com', '1', NULL, NULL, 'vu tien', NULL, '2023-12-23 10:19:48', '00000000-0000-0000-0000-000000000000', '2023-12-23 10:19:48', '00000000-0000-0000-0000-000000000000');

-- 
-- Dumping data for table workspace
--
INSERT INTO workspace VALUES
('294ec606-2c36-42e2-ba29-b1057e7f40f7', '61f4e6a9-7541-4fe0-81e9-66d78980ef1f', 'không gian làm việc 1', 'http://127.0.0.1:9000/avatar/b82f50a7-fdd9-4494-bdce-fef65d0d2e3b.jpg', 0, '2023-11-09 09:19:13', '61f4e6a9-7541-4fe0-81e9-66d78980ef1f', '2023-11-09 09:19:13', '61f4e6a9-7541-4fe0-81e9-66d78980ef1f', '0', 'dasdasd'),
('5a8a1182-7796-4ed6-8fec-854a395ad403', '61f4e6a9-7541-4fe0-81e9-66d78980ef1f', 'khong gian demo test 1', NULL, 0, '2023-11-23 11:09:11', '61f4e6a9-7541-4fe0-81e9-66d78980ef1f', '2023-11-23 11:09:11', '61f4e6a9-7541-4fe0-81e9-66d78980ef1f', '0', 'khong gian demo test 1 fksdf'),
('94c7d98e-efdd-4ea2-8235-26498389330c', '61f4e6a9-7541-4fe0-81e9-66d78980ef1f', 'khong gian demo', NULL, 0, '2023-11-23 11:07:35', '61f4e6a9-7541-4fe0-81e9-66d78980ef1f', '2023-11-23 11:07:35', '61f4e6a9-7541-4fe0-81e9-66d78980ef1f', '0', 'test khong gian demo'),
('9d050e86-3cbf-436f-a44c-b49f5f80bd83', '61f4e6a9-7541-4fe0-81e9-66d78980ef1f', 'khong gian 2 test', NULL, 0, '2023-11-23 11:13:16', '61f4e6a9-7541-4fe0-81e9-66d78980ef1f', '2023-11-23 11:13:16', '61f4e6a9-7541-4fe0-81e9-66d78980ef1f', '0', 'khong gian 2 test'),
('b4ab3e00-8d7f-4a68-be42-751605949cb9', '61f4e6a9-7541-4fe0-81e9-66d78980ef1f', 'workspace 1', NULL, 1, '2023-11-04 16:44:25', '61f4e6a9-7541-4fe0-81e9-66d78980ef1f', '2023-11-04 16:44:25', '61f4e6a9-7541-4fe0-81e9-66d78980ef1f', '0', NULL),
('b62ad39c-c514-49de-a94e-b10495ec51f8', '61f4e6a9-7541-4fe0-81e9-66d78980ef1f', 'workspace demo vdtien', NULL, 0, '2023-11-24 14:14:46', '61f4e6a9-7541-4fe0-81e9-66d78980ef1f', '2023-11-24 14:14:46', '61f4e6a9-7541-4fe0-81e9-66d78980ef1f', '0', 'workspace demo vdtien'),
('d0b08e90-0c16-4773-bc2b-0da644afc47b', '61f4e6a9-7541-4fe0-81e9-66d78980ef1f', 'workspace update 2', NULL, 1, '2023-11-05 03:54:28', '61f4e6a9-7541-4fe0-81e9-66d78980ef1f', '2023-11-05 09:27:31', '61f4e6a9-7541-4fe0-81e9-66d78980ef1f', '0', 'update name'),
('daa6c0bc-2a6b-490b-be41-bf45ccbbc930', '61f4e6a9-7541-4fe0-81e9-66d78980ef1f', 'không gian làm việc 5', NULL, 0, '2023-11-09 09:05:46', '61f4e6a9-7541-4fe0-81e9-66d78980ef1f', '2023-11-09 09:05:46', '61f4e6a9-7541-4fe0-81e9-66d78980ef1f', '0', 'fdfsdfsdsdfs'),
('ee208f5f-8f43-4c0b-96ca-fd3375140499', '61f4e6a9-7541-4fe0-81e9-66d78980ef1f', 'không gian làm việc 3', NULL, 1, '2023-11-09 08:58:09', '61f4e6a9-7541-4fe0-81e9-66d78980ef1f', '2023-11-09 08:58:09', '61f4e6a9-7541-4fe0-81e9-66d78980ef1f', '0', 'không igansfsfa '),
('fe2c7736-1e6f-4a79-a47e-d8dec227b074', '61f4e6a9-7541-4fe0-81e9-66d78980ef1f', 'không gian làm việc 2', NULL, 0, '2023-11-09 08:57:20', '61f4e6a9-7541-4fe0-81e9-66d78980ef1f', '2023-11-09 08:57:20', '61f4e6a9-7541-4fe0-81e9-66d78980ef1f', '0', 'không gian làm việc 2 của vdtien');

-- 
-- Dumping data for table wms_log
--
INSERT INTO wms_log VALUES
(1, 'AspNetCoreNlog', '2023-11-05 08:33:55', 'Debug', 'Registered model binder providers, in the following order: Microsoft.AspNetCore.Mvc.ModelBinding.Binders.BinderTypeModelBinderProvider, Microsoft.AspNetCore.Mvc.ModelBinding.Binders.ServicesModelBinderProvider, Microsoft.AspNetCore.Mvc.ModelBinding.Binders.BodyModelBinderProvider, Microsoft.AspNetCore.Mvc.ModelBinding.Binders.HeaderModelBinderProvider, Microsoft.AspNetCore.Mvc.ModelBinding.Binders.FloatingPointTypeModelBinderProvider, Microsoft.AspNetCore.Mvc.ModelBinding.Binders.EnumTypeModelBinderProvider, Microsoft.AspNetCore.Mvc.ModelBinding.Binders.DateTimeModelBinderProvider, Microsoft.AspNetCore.Mvc.ModelBinding.Binders.SimpleTypeModelBinderProvider, Microsoft.AspNetCore.Mvc.ModelBinding.Binders.CancellationTokenModelBinderProvider, Microsoft.AspNetCore.Mvc.ModelBinding.Binders.ByteArrayModelBinderProvider, Microsoft.AspNetCore.Mvc.ModelBinding.Binders.FormFileModelBinderProvider, Microsoft.AspNetCore.Mvc.ModelBinding.Binders.FormCollectionModelBinderProvider, Microsoft.AspNetCore.Mvc.ModelBinding.Binders.KeyValuePairModelBinderProvider, Microsoft.AspNetCore.Mvc.ModelBinding.Binders.DictionaryModelBinderProvider, Microsoft.AspNetCore.Mvc.ModelBinding.Binders.ArrayModelBinderProvider, Microsoft.AspNetCore.Mvc.ModelBinding.Binders.CollectionModelBinderProvider, Microsoft.AspNetCore.Mvc.ModelBinding.Binders.ComplexObjectModelBinderProvider', 'Microsoft.AspNetCore.Mvc.ModelBinding.ModelBinderFactory', 'Microsoft.AspNetCore.Mvc.ModelBinding.ModelBinderFactory..ctor', ''),
(2, 'AspNetCoreNlog', '2023-11-05 08:33:56', 'Debug', 'Hosting starting', 'Microsoft.Extensions.Hosting.Internal.Host', 'Microsoft.Extensions.Hosting.Internal.HostingLoggerExtensions.Starting', ''),
(3, 'AspNetCoreNlog', '2023-11-05 08:33:56', 'Info', 'User profile is available. Using ''C:\\Users\\Tien\\AppData\\Local\\ASP.NET\\DataProtection-Keys'' as key repository and Windows DPAPI to encrypt keys at rest.', 'Microsoft.AspNetCore.DataProtection.KeyManagement.XmlKeyManager', 'Microsoft.Extensions.Logging.LoggingExtensions.UsingProfileAsKeyRepositoryWithDPAPI', ''),
(4, 'AspNetCoreNlog', '2023-11-05 08:33:56', 'Debug', 'Reading data from file ''C:\\Users\\Tien\\AppData\\Local\\ASP.NET\\DataProtection-Keys\\key-e250f2e6-f5e3-44a8-a5cd-32791bcf466a.xml''.', 'Microsoft.AspNetCore.DataProtection.Repositories.FileSystemXmlRepository', 'Microsoft.Extensions.Logging.LoggingExtensions.ReadingDataFromFile', ''),
(5, 'AspNetCoreNlog', '2023-11-05 08:33:56', 'Debug', 'Found key {e250f2e6-f5e3-44a8-a5cd-32791bcf466a}.', 'Microsoft.AspNetCore.DataProtection.KeyManagement.XmlKeyManager', 'Microsoft.Extensions.Logging.LoggingExtensions.FoundKey', ''),
(6, 'AspNetCoreNlog', '2023-11-05 08:33:56', 'Debug', 'Considering key {e250f2e6-f5e3-44a8-a5cd-32791bcf466a} with expiration date 2024-01-20 09:35:49Z as default key.', 'Microsoft.AspNetCore.DataProtection.KeyManagement.DefaultKeyResolver', 'Microsoft.AspNetCore.DataProtection.KeyManagement.DefaultKeyResolver.FindDefaultKey', ''),
(7, 'AspNetCoreNlog', '2023-11-05 08:33:56', 'Debug', 'Forwarded activator type request from Microsoft.AspNetCore.DataProtection.XmlEncryption.DpapiXmlDecryptor, Microsoft.AspNetCore.DataProtection, Version=6.0.0.0, Culture=neutral, PublicKeyToken=adb9793829ddae60 to Microsoft.AspNetCore.DataProtection.XmlEncryption.DpapiXmlDecryptor, Microsoft.AspNetCore.DataProtection, Culture=neutral, PublicKeyToken=adb9793829ddae60', 'Microsoft.AspNetCore.DataProtection.TypeForwardingActivator', 'Microsoft.AspNetCore.DataProtection.TypeForwardingActivator.CreateInstance', ''),
(8, 'AspNetCoreNlog', '2023-11-05 08:33:56', 'Debug', 'Decrypting secret element using Windows DPAPI.', 'Microsoft.AspNetCore.DataProtection.XmlEncryption.DpapiXmlDecryptor', 'Microsoft.Extensions.Logging.LoggingExtensions.DecryptingSecretElementUsingWindowsDPAPI', ''),
(9, 'AspNetCoreNlog', '2023-11-05 08:33:56', 'Debug', 'Forwarded activator type request from Microsoft.AspNetCore.DataProtection.AuthenticatedEncryption.ConfigurationModel.AuthenticatedEncryptorDescriptorDeserializer, Microsoft.AspNetCore.DataProtection, Version=6.0.0.0, Culture=neutral, PublicKeyToken=adb9793829ddae60 to Microsoft.AspNetCore.DataProtection.AuthenticatedEncryption.ConfigurationModel.AuthenticatedEncryptorDescriptorDeserializer, Microsoft.AspNetCore.DataProtection, Culture=neutral, PublicKeyToken=adb9793829ddae60', 'Microsoft.AspNetCore.DataProtection.TypeForwardingActivator', 'Microsoft.AspNetCore.DataProtection.TypeForwardingActivator.CreateInstance', ''),
(10, 'AspNetCoreNlog', '2023-11-05 08:33:56', 'Debug', 'Opening CNG algorithm ''AES'' from provider ''(null)'' with chaining mode CBC.', 'Microsoft.AspNetCore.DataProtection.AuthenticatedEncryption.CngCbcAuthenticatedEncryptorFactory', 'Microsoft.Extensions.Logging.LoggingExtensions.OpeningCNGAlgorithmFromProviderWithChainingModeCBC', ''),
(11, 'AspNetCoreNlog', '2023-11-05 08:33:56', 'Debug', 'Opening CNG algorithm ''SHA256'' from provider ''(null)'' with HMAC.', 'Microsoft.AspNetCore.DataProtection.AuthenticatedEncryption.CngCbcAuthenticatedEncryptorFactory', 'Microsoft.Extensions.Logging.LoggingExtensions.OpeningCNGAlgorithmFromProviderWithHMAC', ''),
(12, 'AspNetCoreNlog', '2023-11-05 08:33:56', 'Debug', 'Using key {e250f2e6-f5e3-44a8-a5cd-32791bcf466a} as the default key.', 'Microsoft.AspNetCore.DataProtection.KeyManagement.KeyRingProvider', 'Microsoft.Extensions.Logging.LoggingExtensions.UsingKeyAsDefaultKey', ''),
(13, 'AspNetCoreNlog', '2023-11-05 08:33:56', 'Debug', 'Key ring with default key {e250f2e6-f5e3-44a8-a5cd-32791bcf466a} was loaded during application startup.', 'Microsoft.AspNetCore.DataProtection.Internal.DataProtectionHostedService', 'Microsoft.Extensions.Logging.LoggingExtensions.KeyRingWasLoadedOnStartup', ''),
(14, 'AspNetCoreNlog', '2023-11-05 08:33:56', 'Debug', 'Loaded hosting startup assembly WorkFM.API', 'Microsoft.AspNetCore.Hosting.Diagnostics', 'Microsoft.AspNetCore.Hosting.GenericWebHostService.StartAsync', ''),
(15, 'AspNetCoreNlog', '2023-11-05 08:33:56', 'Debug', 'Loaded hosting startup assembly Microsoft.AspNetCore.Watch.BrowserRefresh', 'Microsoft.AspNetCore.Hosting.Diagnostics', 'Microsoft.AspNetCore.Hosting.GenericWebHostService.StartAsync', ''),
(16, 'AspNetCoreNlog', '2023-11-05 08:33:56', 'Debug', 'Loaded hosting startup assembly Microsoft.WebTools.BrowserLink.Net', 'Microsoft.AspNetCore.Hosting.Diagnostics', 'Microsoft.AspNetCore.Hosting.GenericWebHostService.StartAsync', ''),
(17, 'AspNetCoreNlog', '2023-11-05 08:33:56', 'Info', 'Application started. Press Ctrl+C to shut down.', 'Microsoft.Hosting.Lifetime', 'Microsoft.Extensions.Hosting.Internal.ConsoleLifetime.OnApplicationStarted', ''),
(18, 'AspNetCoreNlog', '2023-11-05 08:33:56', 'Info', 'Hosting environment: Development', 'Microsoft.Hosting.Lifetime', 'Microsoft.Extensions.Hosting.Internal.ConsoleLifetime.OnApplicationStarted', ''),
(19, 'AspNetCoreNlog', '2023-11-05 08:33:56', 'Info', 'Content root path: D:\\source-code\\WorkFlowManagement\\WorkFlowManagement\\', 'Microsoft.Hosting.Lifetime', 'Microsoft.Extensions.Hosting.Internal.ConsoleLifetime.OnApplicationStarted', ''),
(20, 'AspNetCoreNlog', '2023-11-05 08:33:56', 'Debug', 'Hosting started', 'Microsoft.Extensions.Hosting.Internal.Host', 'Microsoft.Extensions.Hosting.Internal.HostingLoggerExtensions.Started', ''),
(21, 'AspNetCoreNlog', '2023-11-05 08:33:56', 'Info', 'Request starting HTTP/2 GET https://localhost:44328/swagger/index.html - -', 'Microsoft.AspNetCore.Hosting.Diagnostics', 'Microsoft.AspNetCore.Hosting.HostingApplicationDiagnostics.LogRequestStarting', ''),
(22, 'AspNetCoreNlog', '2023-11-05 08:33:56', 'Debug', 'Wildcard detected, all requests with hosts will be allowed.', 'Microsoft.AspNetCore.HostFiltering.HostFilteringMiddleware', 'Microsoft.AspNetCore.HostFiltering.LoggerExtensions.WildcardDetected', ''),
(23, 'AspNetCoreNlog', '2023-11-05 08:33:56', 'Trace', 'All hosts are allowed.', 'Microsoft.AspNetCore.HostFiltering.HostFilteringMiddleware', 'Microsoft.AspNetCore.HostFiltering.LoggerExtensions.AllHostsAllowed', ''),
(24, 'AspNetCoreNlog', '2023-11-05 08:33:56', 'Debug', 'No candidates found for the request path ''/swagger/index.html''', 'Microsoft.AspNetCore.Routing.Matching.DfaMatcher', 'Microsoft.AspNetCore.Routing.Matching.DfaMatcher.MatchAsync', ''),
(25, 'AspNetCoreNlog', '2023-11-05 08:33:56', 'Debug', 'Request did not match any endpoints', 'Microsoft.AspNetCore.Routing.EndpointRoutingMiddleware', 'Microsoft.AspNetCore.Routing.EndpointRoutingMiddleware+Log.MatchFailure', ''),
(26, 'AspNetCoreNlog', '2023-11-05 08:33:57', 'Debug', 'Response markup is scheduled to include browser refresh script injection.', 'Microsoft.AspNetCore.Watch.BrowserRefresh.BrowserRefreshMiddleware', 'Microsoft.AspNetCore.Watch.BrowserRefresh.ResponseStreamWrapper.OnWrite', ''),
(27, 'AspNetCoreNlog', '2023-11-05 08:33:57', 'Debug', 'Response markup was updated to include browser refresh script injection.', 'Microsoft.AspNetCore.Watch.BrowserRefresh.BrowserRefreshMiddleware', 'Microsoft.AspNetCore.Watch.BrowserRefresh.BrowserRefreshMiddleware.InvokeAsync', ''),
(28, 'AspNetCoreNlog', '2023-11-05 08:33:57', 'Info', 'Request finished HTTP/2 GET https://localhost:44328/swagger/index.html - - - 200 - text/html;charset=utf-8 618.8114ms', 'Microsoft.AspNetCore.Hosting.Diagnostics', 'Microsoft.AspNetCore.Hosting.HostingApplicationDiagnostics.LogRequestFinished', ''),
(29, 'AspNetCoreNlog', '2023-11-05 08:33:57', 'Info', 'Request starting HTTP/2 GET https://localhost:44328/_framework/aspnetcore-browser-refresh.js - -', 'Microsoft.AspNetCore.Hosting.Diagnostics', 'Microsoft.AspNetCore.Hosting.HostingApplicationDiagnostics.LogRequestStarting', ''),
(30, 'AspNetCoreNlog', '2023-11-05 08:33:57', 'Debug', 'Connection ID "18014398511092596757" disconnecting.', 'Microsoft.AspNetCore.Server.IIS.Core.IISHttpServer', 'Microsoft.AspNetCore.Server.IIS.Core.IISHttpContext.AbortIO', ''),
(31, 'AspNetCoreNlog', '2023-11-05 08:33:57', 'Error', 'Connection ID "18014398511092596757", Request ID "80000016-0000-fa00-b63f-84710c7967bb": An unhandled exception was thrown by the application.', 'Microsoft.AspNetCore.Server.IIS.Core.IISHttpServer', 'Microsoft.AspNetCore.Server.IIS.Core.IISHttpContext.ReportApplicationError', 'System.OperationCanceledException: The operation was canceled.\r\n   at System.Threading.CancellationToken.ThrowOperationCanceledException()\r\n   at System.Threading.CancellationToken.ThrowIfCancellationRequested()\r\n   at Microsoft.AspNetCore.Server.IIS.Core.HttpResponseStream.ValidateState(CancellationToken cancellationToken)\r\n   at Microsoft.AspNetCore.Server.IIS.Core.HttpResponseStream.WriteAsync(ReadOnlyMemory`1 source, CancellationToken cancellationToken)\r\n   at Microsoft.AspNetCore.Server.IIS.Core.WrappingStream.WriteAsync(ReadOnlyMemory`1 source, CancellationToken cancellationToken)\r\n   at Microsoft.AspNetCore.Watch.BrowserRefresh.BrowserScriptMiddleware.InvokeAsync(HttpContext context)\r\n   at Microsoft.AspNetCore.Builder.Extensions.MapMiddleware.InvokeCore(HttpContext context, PathString matchedPath, PathString remainingPath)\r\n   at Microsoft.AspNetCore.Server.IIS.Core.IISHttpContextOfT`1.ProcessRequestAsync()'),
(32, 'AspNetCoreNlog', '2023-11-05 08:33:57', 'Info', 'Request finished HTTP/2 GET https://localhost:44328/_framework/aspnetcore-browser-refresh.js - - - 0 11990 application/javascript;+charset=utf-8 55.7108ms', 'Microsoft.AspNetCore.Hosting.Diagnostics', 'Microsoft.AspNetCore.Hosting.HostingApplicationDiagnostics.LogRequestFinished', ''),
(33, 'AspNetCoreNlog', '2023-11-05 08:33:57', 'Info', 'Request starting HTTP/2 GET https://localhost:44328/_vs/browserLink - -', 'Microsoft.AspNetCore.Hosting.Diagnostics', 'Microsoft.AspNetCore.Hosting.HostingApplicationDiagnostics.LogRequestStarting', ''),
(34, 'AspNetCoreNlog', '2023-11-05 08:33:57', 'Debug', 'Connection ID "18014398523977498665" disconnecting.', 'Microsoft.AspNetCore.Server.IIS.Core.IISHttpServer', 'Microsoft.AspNetCore.Server.IIS.Core.IISHttpContext.AbortIO', ''),
(35, 'AspNetCoreNlog', '2023-11-05 08:33:57', 'Info', 'Request finished HTTP/2 GET https://localhost:44328/_vs/browserLink - - - 200 - text/javascript;+charset=UTF-8 129.7178ms', 'Microsoft.AspNetCore.Hosting.Diagnostics', 'Microsoft.AspNetCore.Hosting.HostingApplicationDiagnostics.LogRequestFinished', ''),
(36, 'AspNetCoreNlog', '2023-11-05 08:33:57', 'Info', 'Request starting HTTP/2 GET https://localhost:44328/swagger/v1/swagger.json - -', 'Microsoft.AspNetCore.Hosting.Diagnostics', 'Microsoft.AspNetCore.Hosting.HostingApplicationDiagnostics.LogRequestStarting', ''),
(37, 'AspNetCoreNlog', '2023-11-05 08:33:57', 'Trace', 'All hosts are allowed.', 'Microsoft.AspNetCore.HostFiltering.HostFilteringMiddleware', 'Microsoft.AspNetCore.HostFiltering.LoggerExtensions.AllHostsAllowed', ''),
(38, 'AspNetCoreNlog', '2023-11-05 08:33:57', 'Debug', 'No candidates found for the request path ''/swagger/v1/swagger.json''', 'Microsoft.AspNetCore.Routing.Matching.DfaMatcher', 'Microsoft.AspNetCore.Routing.Matching.DfaMatcher.MatchAsync', ''),
(39, 'AspNetCoreNlog', '2023-11-05 08:33:57', 'Debug', 'Request did not match any endpoints', 'Microsoft.AspNetCore.Routing.EndpointRoutingMiddleware', 'Microsoft.AspNetCore.Routing.EndpointRoutingMiddleware+Log.MatchFailure', ''),
(40, 'AspNetCoreNlog', '2023-11-05 08:33:58', 'Debug', 'Connection ID "18158513703463420088" disconnecting.', 'Microsoft.AspNetCore.Server.IIS.Core.IISHttpServer', 'Microsoft.AspNetCore.Server.IIS.Core.IISHttpContext.AbortIO', ''),
(41, 'AspNetCoreNlog', '2023-11-05 08:33:58', 'Info', 'Request finished HTTP/2 GET https://localhost:44328/swagger/v1/swagger.json - - - 200 - application/json;charset=utf-8 417.9402ms', 'Microsoft.AspNetCore.Hosting.Diagnostics', 'Microsoft.AspNetCore.Hosting.HostingApplicationDiagnostics.LogRequestFinished', ''),
(42, 'AspNetCoreNlog', '2023-11-05 08:34:09', 'Info', 'Request starting HTTP/1.1 POST http://localhost:53435/api/Workspaces/create application/json 56', 'Microsoft.AspNetCore.Hosting.Diagnostics', 'Microsoft.AspNetCore.Hosting.HostingApplicationDiagnostics.LogRequestStarting', ''),
(43, 'AspNetCoreNlog', '2023-11-05 08:34:09', 'Trace', 'All hosts are allowed.', 'Microsoft.AspNetCore.HostFiltering.HostFilteringMiddleware', 'Microsoft.AspNetCore.HostFiltering.LoggerExtensions.AllHostsAllowed', ''),
(44, 'AspNetCoreNlog', '2023-11-05 08:34:09', 'Debug', '1 candidate(s) found for the request path ''/api/Workspaces/create''', 'Microsoft.AspNetCore.Routing.Matching.DfaMatcher', 'Microsoft.AspNetCore.Routing.Matching.DfaMatcher.MatchAsync', ''),
(45, 'AspNetCoreNlog', '2023-11-05 08:34:09', 'Debug', 'Endpoint ''WorkFM.API.Controllers.WorkspacesController.CreateWorkspace (WorkFM.API)'' with route pattern ''api/Workspaces/create'' is valid for the request path ''/api/Workspaces/create''', 'Microsoft.AspNetCore.Routing.Matching.DfaMatcher', 'Microsoft.AspNetCore.Routing.Matching.DfaMatcher.MatchAsync', ''),
(46, 'AspNetCoreNlog', '2023-11-05 08:34:09', 'Debug', 'Request matched endpoint ''WorkFM.API.Controllers.WorkspacesController.CreateWorkspace (WorkFM.API)''', 'Microsoft.AspNetCore.Routing.EndpointRoutingMiddleware', 'Microsoft.AspNetCore.Routing.EndpointRoutingMiddleware+Log.MatchSuccess', ''),
(47, 'AspNetCoreNlog', '2023-11-05 08:34:09', 'Debug', 'Static files was skipped as the request already matched an endpoint.', 'Microsoft.AspNetCore.StaticFiles.StaticFileMiddleware', 'Microsoft.AspNetCore.StaticFiles.LoggerExtensions.EndpointMatched', ''),
(48, 'AspNetCoreNlog', '2023-11-05 08:34:09', 'Debug', 'Https port ''44328'' loaded from configuration.', 'Microsoft.AspNetCore.HttpsPolicy.HttpsRedirectionMiddleware', 'Microsoft.AspNetCore.HttpsPolicy.HttpsLoggingExtensions.PortLoadedFromConfig', ''),
(49, 'AspNetCoreNlog', '2023-11-05 08:34:09', 'Debug', 'Redirecting to ''https://localhost:44328/api/Workspaces/create''.', 'Microsoft.AspNetCore.HttpsPolicy.HttpsRedirectionMiddleware', 'Microsoft.AspNetCore.HttpsPolicy.HttpsLoggingExtensions.RedirectingToHttps', ''),
(50, 'AspNetCoreNlog', '2023-11-05 08:34:09', 'Info', 'Request finished HTTP/1.1 POST http://localhost:53435/api/Workspaces/create application/json 56 - 307 - - 108.6584ms', 'Microsoft.AspNetCore.Hosting.Diagnostics', 'Microsoft.AspNetCore.Hosting.HostingApplicationDiagnostics.LogRequestFinished', ''),
(51, 'AspNetCoreNlog', '2023-11-05 08:34:09', 'Info', 'Request starting HTTP/1.1 POST https://localhost:44328/api/Workspaces/create application/json 56', 'Microsoft.AspNetCore.Hosting.Diagnostics', 'Microsoft.AspNetCore.Hosting.HostingApplicationDiagnostics.LogRequestStarting', ''),
(52, 'AspNetCoreNlog', '2023-11-05 08:34:09', 'Trace', 'All hosts are allowed.', 'Microsoft.AspNetCore.HostFiltering.HostFilteringMiddleware', 'Microsoft.AspNetCore.HostFiltering.LoggerExtensions.AllHostsAllowed', ''),
(53, 'AspNetCoreNlog', '2023-11-05 08:34:09', 'Debug', '1 candidate(s) found for the request path ''/api/Workspaces/create''', 'Microsoft.AspNetCore.Routing.Matching.DfaMatcher', 'Microsoft.AspNetCore.Routing.Matching.DfaMatcher.MatchAsync', ''),
(54, 'AspNetCoreNlog', '2023-11-05 08:34:09', 'Debug', 'Endpoint ''WorkFM.API.Controllers.WorkspacesController.CreateWorkspace (WorkFM.API)'' with route pattern ''api/Workspaces/create'' is valid for the request path ''/api/Workspaces/create''', 'Microsoft.AspNetCore.Routing.Matching.DfaMatcher', 'Microsoft.AspNetCore.Routing.Matching.DfaMatcher.MatchAsync', ''),
(55, 'AspNetCoreNlog', '2023-11-05 08:34:09', 'Debug', 'Request matched endpoint ''WorkFM.API.Controllers.WorkspacesController.CreateWorkspace (WorkFM.API)''', 'Microsoft.AspNetCore.Routing.EndpointRoutingMiddleware', 'Microsoft.AspNetCore.Routing.EndpointRoutingMiddleware+Log.MatchSuccess', ''),
(56, 'AspNetCoreNlog', '2023-11-05 08:34:09', 'Debug', 'Static files was skipped as the request already matched an endpoint.', 'Microsoft.AspNetCore.StaticFiles.StaticFileMiddleware', 'Microsoft.AspNetCore.StaticFiles.LoggerExtensions.EndpointMatched', ''),
(57, 'AspNetCoreNlog', '2023-11-05 08:34:10', 'Debug', 'Successfully validated the token.', 'Microsoft.AspNetCore.Authentication.JwtBearer.JwtBearerHandler', 'Microsoft.AspNetCore.Authentication.JwtBearer.JwtBearerHandler.HandleAuthenticateAsync', ''),
(58, 'AspNetCoreNlog', '2023-11-05 08:34:10', 'Debug', 'AuthenticationScheme: Bearer was successfully authenticated.', 'Microsoft.AspNetCore.Authentication.JwtBearer.JwtBearerHandler', 'Microsoft.Extensions.Logging.LoggingExtensions.AuthenticationSchemeAuthenticated', ''),
(59, 'AspNetCoreNlog', '2023-11-05 08:34:10', 'Debug', 'Authorization was successful.', 'Microsoft.AspNetCore.Authorization.DefaultAuthorizationService', 'Microsoft.Extensions.Logging.LoggingExtensions.UserAuthorizationSucceeded', ''),
(60, 'AspNetCoreNlog', '2023-11-05 08:34:19', 'Info', 'Executing endpoint ''WorkFM.API.Controllers.WorkspacesController.CreateWorkspace (WorkFM.API)''', 'Microsoft.AspNetCore.Routing.EndpointMiddleware', 'Microsoft.AspNetCore.Routing.EndpointMiddleware+Log.ExecutingEndpoint', ''),
(61, 'AspNetCoreNlog', '2023-11-05 08:34:19', 'Info', 'Route matched with {action = "CreateWorkspace", controller = "Workspaces"}. Executing controller action with signature System.Threading.Tasks.Task`1[Microsoft.AspNetCore.Mvc.IActionResult] CreateWorkspace(WorkFM.Common.Data.Workspaces.WorkspaceCreateDto) on controller WorkFM.API.Controllers.WorkspacesController (WorkFM.API).', 'Microsoft.AspNetCore.Mvc.Infrastructure.ControllerActionInvoker', 'Microsoft.AspNetCore.Mvc.MvcCoreLoggerExtensions.ExecutingAction', ''),
(62, 'AspNetCoreNlog', '2023-11-05 08:34:19', 'Debug', 'Execution plan of authorization filters (in the following order): None', 'Microsoft.AspNetCore.Mvc.Infrastructure.ControllerActionInvoker', 'Microsoft.AspNetCore.Mvc.MvcCoreLoggerExtensions.LogFilterExecutionPlan', ''),
(63, 'AspNetCoreNlog', '2023-11-05 08:34:19', 'Debug', 'Execution plan of resource filters (in the following order): None', 'Microsoft.AspNetCore.Mvc.Infrastructure.ControllerActionInvoker', 'Microsoft.AspNetCore.Mvc.MvcCoreLoggerExtensions.LogFilterExecutionPlan', ''),
(64, 'AspNetCoreNlog', '2023-11-05 08:34:19', 'Debug', 'Execution plan of action filters (in the following order): Microsoft.AspNetCore.Mvc.ModelBinding.UnsupportedContentTypeFilter (Order: -3000), Microsoft.AspNetCore.Mvc.Infrastructure.ModelStateInvalidFilter (Order: -2000)', 'Microsoft.AspNetCore.Mvc.Infrastructure.ControllerActionInvoker', 'Microsoft.AspNetCore.Mvc.MvcCoreLoggerExtensions.LogFilterExecutionPlan', ''),
(65, 'AspNetCoreNlog', '2023-11-05 08:34:19', 'Debug', 'Execution plan of exception filters (in the following order): None', 'Microsoft.AspNetCore.Mvc.Infrastructure.ControllerActionInvoker', 'Microsoft.AspNetCore.Mvc.MvcCoreLoggerExtensions.LogFilterExecutionPlan', ''),
(66, 'AspNetCoreNlog', '2023-11-05 08:34:19', 'Debug', 'Execution plan of result filters (in the following order): Microsoft.AspNetCore.Mvc.Infrastructure.ClientErrorResultFilter (Order: -2000)', 'Microsoft.AspNetCore.Mvc.Infrastructure.ControllerActionInvoker', 'Microsoft.AspNetCore.Mvc.MvcCoreLoggerExtensions.LogFilterExecutionPlan', ''),
(67, 'AspNetCoreNlog', '2023-11-05 08:34:19', 'Debug', 'Executing controller factory for controller WorkFM.API.Controllers.WorkspacesController (WorkFM.API)', 'Microsoft.AspNetCore.Mvc.Infrastructure.ControllerActionInvoker', 'Microsoft.AspNetCore.Mvc.MvcCoreLoggerExtensions.ExecutingControllerFactory', ''),
(68, 'AspNetCoreNlog', '2023-11-05 08:34:19', 'Debug', 'Executed controller factory for controller WorkFM.API.Controllers.WorkspacesController (WorkFM.API)', 'Microsoft.AspNetCore.Mvc.Infrastructure.ControllerActionInvoker', 'Microsoft.AspNetCore.Mvc.MvcCoreLoggerExtensions.ExecutedControllerFactory', ''),
(69, 'AspNetCoreNlog', '2023-11-05 08:34:19', 'Debug', 'Attempting to bind parameter ''workspace'' of type ''WorkFM.Common.Data.Workspaces.WorkspaceCreateDto'' ...', 'Microsoft.AspNetCore.Mvc.ModelBinding.ParameterBinder', 'Microsoft.AspNetCore.Mvc.MvcCoreLoggerExtensions.AttemptingToBindParameterOrProperty', ''),
(70, 'AspNetCoreNlog', '2023-11-05 08:34:19', 'Debug', 'Attempting to bind parameter ''workspace'' of type ''WorkFM.Common.Data.Workspaces.WorkspaceCreateDto'' using the name '''' in request data ...', 'Microsoft.AspNetCore.Mvc.ModelBinding.Binders.BodyModelBinder', 'Microsoft.AspNetCore.Mvc.MvcCoreLoggerExtensions.AttemptingToBindModel', ''),
(71, 'AspNetCoreNlog', '2023-11-05 08:34:19', 'Debug', 'Selected input formatter ''Microsoft.AspNetCore.Mvc.Formatters.SystemTextJsonInputFormatter'' for content type ''application/json''.', 'Microsoft.AspNetCore.Mvc.ModelBinding.Binders.BodyModelBinder', 'Microsoft.AspNetCore.Mvc.MvcCoreLoggerExtensions.InputFormatterSelected', ''),
(72, 'AspNetCoreNlog', '2023-11-05 08:34:19', 'Debug', 'JSON input formatter succeeded, deserializing to type ''WorkFM.Common.Data.Workspaces.WorkspaceCreateDto''', 'Microsoft.AspNetCore.Mvc.Formatters.SystemTextJsonInputFormatter', 'Microsoft.AspNetCore.Mvc.Formatters.SystemTextJsonInputFormatter+Log.JsonInputSuccess', ''),
(73, 'AspNetCoreNlog', '2023-11-05 08:34:19', 'Debug', 'Done attempting to bind parameter ''workspace'' of type ''WorkFM.Common.Data.Workspaces.WorkspaceCreateDto''.', 'Microsoft.AspNetCore.Mvc.ModelBinding.Binders.BodyModelBinder', 'Microsoft.AspNetCore.Mvc.MvcCoreLoggerExtensions.DoneAttemptingToBindModel', ''),
(74, 'AspNetCoreNlog', '2023-11-05 08:34:19', 'Debug', 'Done attempting to bind parameter ''workspace'' of type ''WorkFM.Common.Data.Workspaces.WorkspaceCreateDto''.', 'Microsoft.AspNetCore.Mvc.ModelBinding.ParameterBinder', 'Microsoft.AspNetCore.Mvc.MvcCoreLoggerExtensions.DoneAttemptingToBindParameterOrProperty', ''),
(75, 'AspNetCoreNlog', '2023-11-05 08:34:19', 'Debug', 'Attempting to validate the bound parameter ''workspace'' of type ''WorkFM.Common.Data.Workspaces.WorkspaceCreateDto'' ...', 'Microsoft.AspNetCore.Mvc.ModelBinding.ParameterBinder', 'Microsoft.AspNetCore.Mvc.MvcCoreLoggerExtensions.AttemptingToValidateParameterOrProperty', ''),
(76, 'AspNetCoreNlog', '2023-11-05 08:34:19', 'Debug', 'Done attempting to validate the bound parameter ''workspace'' of type ''WorkFM.Common.Data.Workspaces.WorkspaceCreateDto''.', 'Microsoft.AspNetCore.Mvc.ModelBinding.ParameterBinder', 'Microsoft.AspNetCore.Mvc.MvcCoreLoggerExtensions.DoneAttemptingToValidateParameterOrProperty', ''),
(77, 'AspNetCoreNlog', '2023-11-05 08:34:19', 'Trace', 'Action Filter: Before executing OnActionExecuting on filter Microsoft.AspNetCore.Mvc.ModelBinding.UnsupportedContentTypeFilter.', 'Microsoft.AspNetCore.Mvc.Infrastructure.ControllerActionInvoker', 'Microsoft.AspNetCore.Mvc.Infrastructure.ControllerActionInvoker.Next', ''),
(78, 'AspNetCoreNlog', '2023-11-05 08:34:19', 'Trace', 'Action Filter: After executing OnActionExecuting on filter Microsoft.AspNetCore.Mvc.ModelBinding.UnsupportedContentTypeFilter.', 'Microsoft.AspNetCore.Mvc.Infrastructure.ControllerActionInvoker', 'Microsoft.AspNetCore.Mvc.Infrastructure.ControllerActionInvoker.Next', ''),
(79, 'AspNetCoreNlog', '2023-11-05 08:34:19', 'Trace', 'Action Filter: Before executing OnActionExecuting on filter Microsoft.AspNetCore.Mvc.Infrastructure.ModelStateInvalidFilter.', 'Microsoft.AspNetCore.Mvc.Infrastructure.ControllerActionInvoker', 'Microsoft.AspNetCore.Mvc.Infrastructure.ControllerActionInvoker.Next', ''),
(80, 'AspNetCoreNlog', '2023-11-05 08:34:19', 'Trace', 'Action Filter: After executing OnActionExecuting on filter Microsoft.AspNetCore.Mvc.Infrastructure.ModelStateInvalidFilter.', 'Microsoft.AspNetCore.Mvc.Infrastructure.ControllerActionInvoker', 'Microsoft.AspNetCore.Mvc.Infrastructure.ControllerActionInvoker.Next', ''),
(81, 'AspNetCoreNlog', '2023-11-05 08:34:19', 'Info', 'Executing action method WorkFM.API.Controllers.WorkspacesController.CreateWorkspace (WorkFM.API) - Validation state: Valid', 'Microsoft.AspNetCore.Mvc.Infrastructure.ControllerActionInvoker', 'Microsoft.AspNetCore.Mvc.MvcCoreLoggerExtensions.ActionMethodExecuting', ''),
(82, 'AspNetCoreNlog', '2023-11-05 08:34:19', 'Trace', 'Executing action method WorkFM.API.Controllers.WorkspacesController.CreateWorkspace (WorkFM.API) with arguments (WorkFM.Common.Data.Workspaces.WorkspaceCreateDto)', 'Microsoft.AspNetCore.Mvc.Infrastructure.ControllerActionInvoker', 'Microsoft.AspNetCore.Mvc.MvcCoreLoggerExtensions.ActionMethodExecuting', ''),
(83, 'AspNetCoreNlog', '2023-11-05 08:34:23', 'Info', 'SampleController: Get method called', 'WorkFM.API.Controllers.WorkspacesController', 'WorkFM.API.Controllers.WorkspacesController.CreateWorkspace(D:\\source-code\\WorkFlowManagement\\WorkFlowManagement\\Controllers\\WorkspacesController.cs:30)', ''),
(84, 'AspNetCoreNlog', '2023-11-05 08:34:30', 'Error', 'MySqlConnector.MySqlException (0x80004005): Unknown column ''Type'' in ''field list''\r\n   at MySqlConnector.Core.ServerSession.ReceiveReplyAsyncAwaited(ValueTask`1 task) in /_/src/MySqlConnector/Core/ServerSession.cs:line 966\r\n   at MySqlConnector.Core.ResultSet.ReadResultSetHeaderAsync(IOBehavior ioBehavior) in /_/src/MySqlConnector/Core/ResultSet.cs:line 43\r\n   at MySqlConnector.MySqlDataReader.ActivateResultSet(CancellationToken cancellationToken) in /_/src/MySqlConnector/MySqlDataReader.cs:line 130\r\n   at MySqlConnector.MySqlDataReader.CreateAsync(CommandListPosition commandListPosition, ICommandPayloadCreator payloadCreator, IDictionary`2 cachedProcedures, IMySqlCommand command, CommandBehavior behavior, Activity activity, IOBehavior ioBehavior, CancellationToken cancellationToken) in /_/src/MySqlConnector/MySqlDataReader.cs:line 468\r\n   at MySqlConnector.Core.CommandExecutor.ExecuteReaderAsync(IReadOnlyList`1 commands, ICommandPayloadCreator payloadCreator, CommandBehavior behavior, Activity activity, IOBehavior ioBehavior, CancellationToken cancellationToken) in /_/src/MySqlConnector/Core/CommandExecutor.cs:line 56\r\n   at MySqlConnector.MySqlCommand.ExecuteNonQueryAsync(IOBehavior ioBehavior, CancellationToken cancellationToken) in /_/src/MySqlConnector/MySqlCommand.cs:line 296\r\n   at Dapper.SqlMapper.ExecuteImplAsync(IDbConnection cnn, CommandDefinition command, Object param) in /_/Dapper/SqlMapper.Async.cs:line 662\r\n   at WorkFM.DL.Repos.Bases.BaseDL`1.CreateAsync(TEntity entity) in D:\\source-code\\WorkFlowManagement\\WorkFM.DL\\Repos\\Bases\\BaseDL.cs:line 49\r\n   at WorkFM.BL.Services.Workspaces.WorkspaceBL.CreateWorkspaceAsync(WorkspaceCreateDto workspaceCreateDto) in D:\\source-code\\WorkFlowManagement\\WorkFM.BL\\Services\\Workspaces\\WorkspaceBL.cs:line 51', 'WorkFM.Common.Lib.DbLog', 'WorkFM.Common.Lib.DbLog.LogError(D:\\source-code\\WorkFlowManagement\\WorkFM.Common\\Lib\\DbLog.cs:23)', ''),
(85, 'AspNetCoreNlog', '2023-11-05 08:34:30', 'Trace', 'Action Filter: Before executing OnActionExecuted on filter Microsoft.AspNetCore.Mvc.Infrastructure.ModelStateInvalidFilter.', 'Microsoft.AspNetCore.Mvc.Infrastructure.ControllerActionInvoker', 'Microsoft.AspNetCore.Mvc.Infrastructure.ControllerActionInvoker.Next', ''),
(86, 'AspNetCoreNlog', '2023-11-05 08:34:30', 'Trace', 'Action Filter: After executing OnActionExecuted on filter Microsoft.AspNetCore.Mvc.Infrastructure.ModelStateInvalidFilter.', 'Microsoft.AspNetCore.Mvc.Infrastructure.ControllerActionInvoker', 'Microsoft.AspNetCore.Mvc.Infrastructure.ControllerActionInvoker.Next', ''),
(87, 'AspNetCoreNlog', '2023-11-05 08:34:30', 'Trace', 'Action Filter: Before executing OnActionExecuted on filter Microsoft.AspNetCore.Mvc.ModelBinding.UnsupportedContentTypeFilter.', 'Microsoft.AspNetCore.Mvc.Infrastructure.ControllerActionInvoker', 'Microsoft.AspNetCore.Mvc.Infrastructure.ControllerActionInvoker.Next', ''),
(88, 'AspNetCoreNlog', '2023-11-05 08:34:30', 'Trace', 'Action Filter: After executing OnActionExecuted on filter Microsoft.AspNetCore.Mvc.ModelBinding.UnsupportedContentTypeFilter.', 'Microsoft.AspNetCore.Mvc.Infrastructure.ControllerActionInvoker', 'Microsoft.AspNetCore.Mvc.Infrastructure.ControllerActionInvoker.Next', ''),
(89, 'AspNetCoreNlog', '2023-11-05 08:34:30', 'Info', 'Executed action WorkFM.API.Controllers.WorkspacesController.CreateWorkspace (WorkFM.API) in 10968.8943ms', 'Microsoft.AspNetCore.Mvc.Infrastructure.ControllerActionInvoker', 'Microsoft.AspNetCore.Mvc.MvcCoreLoggerExtensions.ExecutedAction', ''),
(90, 'AspNetCoreNlog', '2023-11-05 08:34:30', 'Info', 'Executed endpoint ''WorkFM.API.Controllers.WorkspacesController.CreateWorkspace (WorkFM.API)''', 'Microsoft.AspNetCore.Routing.EndpointMiddleware', 'Microsoft.AspNetCore.Routing.EndpointMiddleware+Log.ExecutedEndpoint', ''),
(91, 'AspNetCoreNlog', '2023-11-05 08:34:34', 'Info', 'Request finished HTTP/1.1 POST https://localhost:44328/api/Workspaces/create application/json 56 - 500 - application/json 24684.2755ms', 'Microsoft.AspNetCore.Hosting.Diagnostics', 'Microsoft.AspNetCore.Hosting.HostingApplicationDiagnostics.LogRequestFinished', ''),
(92, 'AspNetCoreNlog', '2023-11-05 09:07:05', 'Info', 'Request starting HTTP/1.1 POST http://localhost:53435/api/Workspaces/create application/json 56', 'Microsoft.AspNetCore.Hosting.Diagnostics', 'Microsoft.AspNetCore.Hosting.HostingApplicationDiagnostics.LogRequestStarting', ''),
(93, 'AspNetCoreNlog', '2023-11-05 09:07:05', 'Trace', 'All hosts are allowed.', 'Microsoft.AspNetCore.HostFiltering.HostFilteringMiddleware', 'Microsoft.AspNetCore.HostFiltering.LoggerExtensions.AllHostsAllowed', ''),
(94, 'AspNetCoreNlog', '2023-11-05 09:07:05', 'Debug', '1 candidate(s) found for the request path ''/api/Workspaces/create''', 'Microsoft.AspNetCore.Routing.Matching.DfaMatcher', 'Microsoft.AspNetCore.Routing.Matching.DfaMatcher.MatchAsync', ''),
(95, 'AspNetCoreNlog', '2023-11-05 09:07:05', 'Debug', 'Endpoint ''WorkFM.API.Controllers.WorkspacesController.CreateWorkspace (WorkFM.API)'' with route pattern ''api/Workspaces/create'' is valid for the request path ''/api/Workspaces/create''', 'Microsoft.AspNetCore.Routing.Matching.DfaMatcher', 'Microsoft.AspNetCore.Routing.Matching.DfaMatcher.MatchAsync', ''),
(96, 'AspNetCoreNlog', '2023-11-05 09:07:05', 'Debug', 'Request matched endpoint ''WorkFM.API.Controllers.WorkspacesController.CreateWorkspace (WorkFM.API)''', 'Microsoft.AspNetCore.Routing.EndpointRoutingMiddleware', 'Microsoft.AspNetCore.Routing.EndpointRoutingMiddleware+Log.MatchSuccess', ''),
(97, 'AspNetCoreNlog', '2023-11-05 09:07:05', 'Debug', 'Static files was skipped as the request already matched an endpoint.', 'Microsoft.AspNetCore.StaticFiles.StaticFileMiddleware', 'Microsoft.AspNetCore.StaticFiles.LoggerExtensions.EndpointMatched', ''),
(98, 'AspNetCoreNlog', '2023-11-05 09:07:05', 'Debug', 'Redirecting to ''https://localhost:44328/api/Workspaces/create''.', 'Microsoft.AspNetCore.HttpsPolicy.HttpsRedirectionMiddleware', 'Microsoft.AspNetCore.HttpsPolicy.HttpsLoggingExtensions.RedirectingToHttps', ''),
(99, 'AspNetCoreNlog', '2023-11-05 09:07:05', 'Info', 'Request finished HTTP/1.1 POST http://localhost:53435/api/Workspaces/create application/json 56 - 307 - - 77.7601ms', 'Microsoft.AspNetCore.Hosting.Diagnostics', 'Microsoft.AspNetCore.Hosting.HostingApplicationDiagnostics.LogRequestFinished', ''),
(100, 'AspNetCoreNlog', '2023-11-05 09:07:05', 'Info', 'Request starting HTTP/1.1 POST https://localhost:44328/api/Workspaces/create application/json 56', 'Microsoft.AspNetCore.Hosting.Diagnostics', 'Microsoft.AspNetCore.Hosting.HostingApplicationDiagnostics.LogRequestStarting', ''),
(101, 'AspNetCoreNlog', '2023-11-05 09:07:05', 'Trace', 'All hosts are allowed.', 'Microsoft.AspNetCore.HostFiltering.HostFilteringMiddleware', 'Microsoft.AspNetCore.HostFiltering.LoggerExtensions.AllHostsAllowed', ''),
(102, 'AspNetCoreNlog', '2023-11-05 09:07:05', 'Debug', '1 candidate(s) found for the request path ''/api/Workspaces/create''', 'Microsoft.AspNetCore.Routing.Matching.DfaMatcher', 'Microsoft.AspNetCore.Routing.Matching.DfaMatcher.MatchAsync', ''),
(103, 'AspNetCoreNlog', '2023-11-05 09:07:05', 'Debug', 'Endpoint ''WorkFM.API.Controllers.WorkspacesController.CreateWorkspace (WorkFM.API)'' with route pattern ''api/Workspaces/create'' is valid for the request path ''/api/Workspaces/create''', 'Microsoft.AspNetCore.Routing.Matching.DfaMatcher', 'Microsoft.AspNetCore.Routing.Matching.DfaMatcher.MatchAsync', ''),
(104, 'AspNetCoreNlog', '2023-11-05 09:07:05', 'Debug', 'Request matched endpoint ''WorkFM.API.Controllers.WorkspacesController.CreateWorkspace (WorkFM.API)''', 'Microsoft.AspNetCore.Routing.EndpointRoutingMiddleware', 'Microsoft.AspNetCore.Routing.EndpointRoutingMiddleware+Log.MatchSuccess', ''),
(105, 'AspNetCoreNlog', '2023-11-05 09:07:05', 'Debug', 'Static files was skipped as the request already matched an endpoint.', 'Microsoft.AspNetCore.StaticFiles.StaticFileMiddleware', 'Microsoft.AspNetCore.StaticFiles.LoggerExtensions.EndpointMatched', ''),
(106, 'AspNetCoreNlog', '2023-11-05 09:07:05', 'Debug', 'Successfully validated the token.', 'Microsoft.AspNetCore.Authentication.JwtBearer.JwtBearerHandler', 'Microsoft.AspNetCore.Authentication.JwtBearer.JwtBearerHandler.HandleAuthenticateAsync', ''),
(107, 'AspNetCoreNlog', '2023-11-05 09:07:05', 'Debug', 'AuthenticationScheme: Bearer was successfully authenticated.', 'Microsoft.AspNetCore.Authentication.JwtBearer.JwtBearerHandler', 'Microsoft.Extensions.Logging.LoggingExtensions.AuthenticationSchemeAuthenticated', ''),
(108, 'AspNetCoreNlog', '2023-11-05 09:07:05', 'Debug', 'Authorization was successful.', 'Microsoft.AspNetCore.Authorization.DefaultAuthorizationService', 'Microsoft.Extensions.Logging.LoggingExtensions.UserAuthorizationSucceeded', ''),
(109, 'AspNetCoreNlog', '2023-11-05 09:07:05', 'Info', 'Executing endpoint ''WorkFM.API.Controllers.WorkspacesController.CreateWorkspace (WorkFM.API)''', 'Microsoft.AspNetCore.Routing.EndpointMiddleware', 'Microsoft.AspNetCore.Routing.EndpointMiddleware+Log.ExecutingEndpoint', ''),
(110, 'AspNetCoreNlog', '2023-11-05 09:07:05', 'Info', 'Route matched with {action = "CreateWorkspace", controller = "Workspaces"}. Executing controller action with signature System.Threading.Tasks.Task`1[Microsoft.AspNetCore.Mvc.IActionResult] CreateWorkspace(WorkFM.Common.Data.Workspaces.WorkspaceCreateDto) on controller WorkFM.API.Controllers.WorkspacesController (WorkFM.API).', 'Microsoft.AspNetCore.Mvc.Infrastructure.ControllerActionInvoker', 'Microsoft.AspNetCore.Mvc.MvcCoreLoggerExtensions.ExecutingAction', ''),
(111, 'AspNetCoreNlog', '2023-11-05 09:07:05', 'Debug', 'Execution plan of authorization filters (in the following order): None', 'Microsoft.AspNetCore.Mvc.Infrastructure.ControllerActionInvoker', 'Microsoft.AspNetCore.Mvc.MvcCoreLoggerExtensions.LogFilterExecutionPlan', ''),
(112, 'AspNetCoreNlog', '2023-11-05 09:07:05', 'Debug', 'Execution plan of resource filters (in the following order): None', 'Microsoft.AspNetCore.Mvc.Infrastructure.ControllerActionInvoker', 'Microsoft.AspNetCore.Mvc.MvcCoreLoggerExtensions.LogFilterExecutionPlan', ''),
(113, 'AspNetCoreNlog', '2023-11-05 09:07:05', 'Debug', 'Execution plan of action filters (in the following order): Microsoft.AspNetCore.Mvc.ModelBinding.UnsupportedContentTypeFilter (Order: -3000), Microsoft.AspNetCore.Mvc.Infrastructure.ModelStateInvalidFilter (Order: -2000)', 'Microsoft.AspNetCore.Mvc.Infrastructure.ControllerActionInvoker', 'Microsoft.AspNetCore.Mvc.MvcCoreLoggerExtensions.LogFilterExecutionPlan', ''),
(114, 'AspNetCoreNlog', '2023-11-05 09:07:05', 'Debug', 'Execution plan of exception filters (in the following order): None', 'Microsoft.AspNetCore.Mvc.Infrastructure.ControllerActionInvoker', 'Microsoft.AspNetCore.Mvc.MvcCoreLoggerExtensions.LogFilterExecutionPlan', ''),
(115, 'AspNetCoreNlog', '2023-11-05 09:07:05', 'Debug', 'Execution plan of result filters (in the following order): Microsoft.AspNetCore.Mvc.Infrastructure.ClientErrorResultFilter (Order: -2000)', 'Microsoft.AspNetCore.Mvc.Infrastructure.ControllerActionInvoker', 'Microsoft.AspNetCore.Mvc.MvcCoreLoggerExtensions.LogFilterExecutionPlan', ''),
(116, 'AspNetCoreNlog', '2023-11-05 09:07:05', 'Debug', 'Executing controller factory for controller WorkFM.API.Controllers.WorkspacesController (WorkFM.API)', 'Microsoft.AspNetCore.Mvc.Infrastructure.ControllerActionInvoker', 'Microsoft.AspNetCore.Mvc.MvcCoreLoggerExtensions.ExecutingControllerFactory', ''),
(117, 'AspNetCoreNlog', '2023-11-05 09:07:05', 'Debug', 'Executed controller factory for controller WorkFM.API.Controllers.WorkspacesController (WorkFM.API)', 'Microsoft.AspNetCore.Mvc.Infrastructure.ControllerActionInvoker', 'Microsoft.AspNetCore.Mvc.MvcCoreLoggerExtensions.ExecutedControllerFactory', ''),
(118, 'AspNetCoreNlog', '2023-11-05 09:07:05', 'Debug', 'Attempting to bind parameter ''workspace'' of type ''WorkFM.Common.Data.Workspaces.WorkspaceCreateDto'' ...', 'Microsoft.AspNetCore.Mvc.ModelBinding.ParameterBinder', 'Microsoft.AspNetCore.Mvc.MvcCoreLoggerExtensions.AttemptingToBindParameterOrProperty', ''),
(119, 'AspNetCoreNlog', '2023-11-05 09:07:05', 'Debug', 'Attempting to bind parameter ''workspace'' of type ''WorkFM.Common.Data.Workspaces.WorkspaceCreateDto'' using the name '''' in request data ...', 'Microsoft.AspNetCore.Mvc.ModelBinding.Binders.BodyModelBinder', 'Microsoft.AspNetCore.Mvc.MvcCoreLoggerExtensions.AttemptingToBindModel', ''),
(120, 'AspNetCoreNlog', '2023-11-05 09:07:05', 'Debug', 'Selected input formatter ''Microsoft.AspNetCore.Mvc.Formatters.SystemTextJsonInputFormatter'' for content type ''application/json''.', 'Microsoft.AspNetCore.Mvc.ModelBinding.Binders.BodyModelBinder', 'Microsoft.AspNetCore.Mvc.MvcCoreLoggerExtensions.InputFormatterSelected', ''),
(121, 'AspNetCoreNlog', '2023-11-05 09:07:05', 'Debug', 'JSON input formatter succeeded, deserializing to type ''WorkFM.Common.Data.Workspaces.WorkspaceCreateDto''', 'Microsoft.AspNetCore.Mvc.Formatters.SystemTextJsonInputFormatter', 'Microsoft.AspNetCore.Mvc.Formatters.SystemTextJsonInputFormatter+Log.JsonInputSuccess', ''),
(122, 'AspNetCoreNlog', '2023-11-05 09:07:05', 'Debug', 'Done attempting to bind parameter ''workspace'' of type ''WorkFM.Common.Data.Workspaces.WorkspaceCreateDto''.', 'Microsoft.AspNetCore.Mvc.ModelBinding.Binders.BodyModelBinder', 'Microsoft.AspNetCore.Mvc.MvcCoreLoggerExtensions.DoneAttemptingToBindModel', ''),
(123, 'AspNetCoreNlog', '2023-11-05 09:07:05', 'Debug', 'Done attempting to bind parameter ''workspace'' of type ''WorkFM.Common.Data.Workspaces.WorkspaceCreateDto''.', 'Microsoft.AspNetCore.Mvc.ModelBinding.ParameterBinder', 'Microsoft.AspNetCore.Mvc.MvcCoreLoggerExtensions.DoneAttemptingToBindParameterOrProperty', ''),
(124, 'AspNetCoreNlog', '2023-11-05 09:07:05', 'Debug', 'Attempting to validate the bound parameter ''workspace'' of type ''WorkFM.Common.Data.Workspaces.WorkspaceCreateDto'' ...', 'Microsoft.AspNetCore.Mvc.ModelBinding.ParameterBinder', 'Microsoft.AspNetCore.Mvc.MvcCoreLoggerExtensions.AttemptingToValidateParameterOrProperty', ''),
(125, 'AspNetCoreNlog', '2023-11-05 09:07:05', 'Debug', 'Done attempting to validate the bound parameter ''workspace'' of type ''WorkFM.Common.Data.Workspaces.WorkspaceCreateDto''.', 'Microsoft.AspNetCore.Mvc.ModelBinding.ParameterBinder', 'Microsoft.AspNetCore.Mvc.MvcCoreLoggerExtensions.DoneAttemptingToValidateParameterOrProperty', ''),
(126, 'AspNetCoreNlog', '2023-11-05 09:07:05', 'Trace', 'Action Filter: Before executing OnActionExecuting on filter Microsoft.AspNetCore.Mvc.ModelBinding.UnsupportedContentTypeFilter.', 'Microsoft.AspNetCore.Mvc.Infrastructure.ControllerActionInvoker', 'Microsoft.AspNetCore.Mvc.Infrastructure.ControllerActionInvoker.Next', ''),
(127, 'AspNetCoreNlog', '2023-11-05 09:07:05', 'Trace', 'Action Filter: After executing OnActionExecuting on filter Microsoft.AspNetCore.Mvc.ModelBinding.UnsupportedContentTypeFilter.', 'Microsoft.AspNetCore.Mvc.Infrastructure.ControllerActionInvoker', 'Microsoft.AspNetCore.Mvc.Infrastructure.ControllerActionInvoker.Next', ''),
(128, 'AspNetCoreNlog', '2023-11-05 09:07:05', 'Trace', 'Action Filter: Before executing OnActionExecuting on filter Microsoft.AspNetCore.Mvc.Infrastructure.ModelStateInvalidFilter.', 'Microsoft.AspNetCore.Mvc.Infrastructure.ControllerActionInvoker', 'Microsoft.AspNetCore.Mvc.Infrastructure.ControllerActionInvoker.Next', ''),
(129, 'AspNetCoreNlog', '2023-11-05 09:07:05', 'Trace', 'Action Filter: After executing OnActionExecuting on filter Microsoft.AspNetCore.Mvc.Infrastructure.ModelStateInvalidFilter.', 'Microsoft.AspNetCore.Mvc.Infrastructure.ControllerActionInvoker', 'Microsoft.AspNetCore.Mvc.Infrastructure.ControllerActionInvoker.Next', ''),
(130, 'AspNetCoreNlog', '2023-11-05 09:07:05', 'Info', 'Executing action method WorkFM.API.Controllers.WorkspacesController.CreateWorkspace (WorkFM.API) - Validation state: Valid', 'Microsoft.AspNetCore.Mvc.Infrastructure.ControllerActionInvoker', 'Microsoft.AspNetCore.Mvc.MvcCoreLoggerExtensions.ActionMethodExecuting', ''),
(131, 'AspNetCoreNlog', '2023-11-05 09:07:05', 'Trace', 'Executing action method WorkFM.API.Controllers.WorkspacesController.CreateWorkspace (WorkFM.API) with arguments (WorkFM.Common.Data.Workspaces.WorkspaceCreateDto)', 'Microsoft.AspNetCore.Mvc.Infrastructure.ControllerActionInvoker', 'Microsoft.AspNetCore.Mvc.MvcCoreLoggerExtensions.ActionMethodExecuting', ''),
(132, 'AspNetCoreNlog', '2023-11-05 09:07:05', 'Debug', 'hello', 'WorkFM.Common.Lib.DbLog', 'WorkFM.Common.Lib.DbLog.LogDebbug(D:\\source-code\\WorkFlowManagement\\WorkFM.Common\\Lib\\DbLog.cs:17)', ''),
(133, 'AspNetCoreNlog', '2023-11-05 09:07:05', 'Error', 'Unknown column ''Type'' in ''field list''', 'WorkFM.Common.Lib.DbLog', 'WorkFM.Common.Lib.DbLog.LogError(D:\\source-code\\WorkFlowManagement\\WorkFM.Common\\Lib\\DbLog.cs:23)', 'MySqlConnector.MySqlException (0x80004005): Unknown column ''Type'' in ''field list''\r\n   at MySqlConnector.Core.ServerSession.ReceiveReplyAsyncAwaited(ValueTask`1 task) in /_/src/MySqlConnector/Core/ServerSession.cs:line 966\r\n   at MySqlConnector.Core.ResultSet.ReadResultSetHeaderAsync(IOBehavior ioBehavior) in /_/src/MySqlConnector/Core/ResultSet.cs:line 43\r\n   at MySqlConnector.MySqlDataReader.ActivateResultSet(CancellationToken cancellationToken) in /_/src/MySqlConnector/MySqlDataReader.cs:line 137\r\n   at MySqlConnector.MySqlDataReader.CreateAsync(CommandListPosition commandListPosition, ICommandPayloadCreator payloadCreator, IDictionary`2 cachedProcedures, IMySqlCommand command, CommandBehavior behavior, Activity activity, IOBehavior ioBehavior, CancellationToken cancellationToken) in /_/src/MySqlConnector/MySqlDataReader.cs:line 468\r\n   at MySqlConnector.Core.CommandExecutor.ExecuteReaderAsync(IReadOnlyList`1 commands, ICommandPayloadCreator payloadCreator, CommandBehavior behavior, Activity activity, IOBehavior ioBehavior, CancellationToken cancellationToken) in /_/src/MySqlConnector/Core/CommandExecutor.cs:line 56\r\n   at MySqlConnector.MySqlCommand.ExecuteNonQueryAsync(IOBehavior ioBehavior, CancellationToken cancellationToken) in /_/src/MySqlConnector/MySqlCommand.cs:line 296\r\n   at Dapper.SqlMapper.ExecuteImplAsync(IDbConnection cnn, CommandDefinition command, Object param) in /_/Dapper/SqlMapper.Async.cs:line 662\r\n   at WorkFM.DL.Repos.Bases.BaseDL`1.CreateAsync(TEntity entity) in D:\\source-code\\WorkFlowManagement\\WorkFM.DL\\Repos\\Bases\\BaseDL.cs:line 49\r\n   at WorkFM.BL.Services.Workspaces.WorkspaceBL.CreateWorkspaceAsync(WorkspaceCreateDto workspaceCreateDto) in D:\\source-code\\WorkFlowManagement\\WorkFM.BL\\Services\\Workspaces\\WorkspaceBL.cs:line 52'),
(134, 'AspNetCoreNlog', '2023-11-05 09:07:05', 'Trace', 'Action Filter: Before executing OnActionExecuted on filter Microsoft.AspNetCore.Mvc.Infrastructure.ModelStateInvalidFilter.', 'Microsoft.AspNetCore.Mvc.Infrastructure.ControllerActionInvoker', 'Microsoft.AspNetCore.Mvc.Infrastructure.ControllerActionInvoker.Next', ''),
(135, 'AspNetCoreNlog', '2023-11-05 09:07:05', 'Trace', 'Action Filter: After executing OnActionExecuted on filter Microsoft.AspNetCore.Mvc.Infrastructure.ModelStateInvalidFilter.', 'Microsoft.AspNetCore.Mvc.Infrastructure.ControllerActionInvoker', 'Microsoft.AspNetCore.Mvc.Infrastructure.ControllerActionInvoker.Next', ''),
(136, 'AspNetCoreNlog', '2023-11-05 09:07:05', 'Trace', 'Action Filter: Before executing OnActionExecuted on filter Microsoft.AspNetCore.Mvc.ModelBinding.UnsupportedContentTypeFilter.', 'Microsoft.AspNetCore.Mvc.Infrastructure.ControllerActionInvoker', 'Microsoft.AspNetCore.Mvc.Infrastructure.ControllerActionInvoker.Next', ''),
(137, 'AspNetCoreNlog', '2023-11-05 09:07:05', 'Trace', 'Action Filter: After executing OnActionExecuted on filter Microsoft.AspNetCore.Mvc.ModelBinding.UnsupportedContentTypeFilter.', 'Microsoft.AspNetCore.Mvc.Infrastructure.ControllerActionInvoker', 'Microsoft.AspNetCore.Mvc.Infrastructure.ControllerActionInvoker.Next', ''),
(138, 'AspNetCoreNlog', '2023-11-05 09:07:05', 'Info', 'Executed action WorkFM.API.Controllers.WorkspacesController.CreateWorkspace (WorkFM.API) in 207.1301ms', 'Microsoft.AspNetCore.Mvc.Infrastructure.ControllerActionInvoker', 'Microsoft.AspNetCore.Mvc.MvcCoreLoggerExtensions.ExecutedAction', ''),
(139, 'AspNetCoreNlog', '2023-11-05 09:07:05', 'Info', 'Executed endpoint ''WorkFM.API.Controllers.WorkspacesController.CreateWorkspace (WorkFM.API)''', 'Microsoft.AspNetCore.Routing.EndpointMiddleware', 'Microsoft.AspNetCore.Routing.EndpointMiddleware+Log.ExecutedEndpoint', ''),
(140, 'AspNetCoreNlog', '2023-11-05 09:07:05', 'Info', 'Request finished HTTP/1.1 POST https://localhost:44328/api/Workspaces/create application/json 56 - 500 - application/json 369.3591ms', 'Microsoft.AspNetCore.Hosting.Diagnostics', 'Microsoft.AspNetCore.Hosting.HostingApplicationDiagnostics.LogRequestFinished', ''),
(141, 'AspNetCoreNlog', '2023-11-05 09:08:00', 'Debug', 'Registered model binder providers, in the following order: Microsoft.AspNetCore.Mvc.ModelBinding.Binders.BinderTypeModelBinderProvider, Microsoft.AspNetCore.Mvc.ModelBinding.Binders.ServicesModelBinderProvider, Microsoft.AspNetCore.Mvc.ModelBinding.Binders.BodyModelBinderProvider, Microsoft.AspNetCore.Mvc.ModelBinding.Binders.HeaderModelBinderProvider, Microsoft.AspNetCore.Mvc.ModelBinding.Binders.FloatingPointTypeModelBinderProvider, Microsoft.AspNetCore.Mvc.ModelBinding.Binders.EnumTypeModelBinderProvider, Microsoft.AspNetCore.Mvc.ModelBinding.Binders.DateTimeModelBinderProvider, Microsoft.AspNetCore.Mvc.ModelBinding.Binders.SimpleTypeModelBinderProvider, Microsoft.AspNetCore.Mvc.ModelBinding.Binders.CancellationTokenModelBinderProvider, Microsoft.AspNetCore.Mvc.ModelBinding.Binders.ByteArrayModelBinderProvider, Microsoft.AspNetCore.Mvc.ModelBinding.Binders.FormFileModelBinderProvider, Microsoft.AspNetCore.Mvc.ModelBinding.Binders.FormCollectionModelBinderProvider, Microsoft.AspNetCore.Mvc.ModelBinding.Binders.KeyValuePairModelBinderProvider, Microsoft.AspNetCore.Mvc.ModelBinding.Binders.DictionaryModelBinderProvider, Microsoft.AspNetCore.Mvc.ModelBinding.Binders.ArrayModelBinderProvider, Microsoft.AspNetCore.Mvc.ModelBinding.Binders.CollectionModelBinderProvider, Microsoft.AspNetCore.Mvc.ModelBinding.Binders.ComplexObjectModelBinderProvider', 'Microsoft.AspNetCore.Mvc.ModelBinding.ModelBinderFactory', 'Microsoft.AspNetCore.Mvc.ModelBinding.ModelBinderFactory..ctor', ''),
(142, 'AspNetCoreNlog', '2023-11-05 09:08:01', 'Debug', 'Hosting starting', 'Microsoft.Extensions.Hosting.Internal.Host', 'Microsoft.Extensions.Hosting.Internal.HostingLoggerExtensions.Starting', ''),
(143, 'AspNetCoreNlog', '2023-11-05 09:08:01', 'Info', 'User profile is available. Using ''C:\\Users\\Tien\\AppData\\Local\\ASP.NET\\DataProtection-Keys'' as key repository and Windows DPAPI to encrypt keys at rest.', 'Microsoft.AspNetCore.DataProtection.KeyManagement.XmlKeyManager', 'Microsoft.Extensions.Logging.LoggingExtensions.UsingProfileAsKeyRepositoryWithDPAPI', ''),
(144, 'AspNetCoreNlog', '2023-11-05 09:08:01', 'Debug', 'Reading data from file ''C:\\Users\\Tien\\AppData\\Local\\ASP.NET\\DataProtection-Keys\\key-e250f2e6-f5e3-44a8-a5cd-32791bcf466a.xml''.', 'Microsoft.AspNetCore.DataProtection.Repositories.FileSystemXmlRepository', 'Microsoft.Extensions.Logging.LoggingExtensions.ReadingDataFromFile', ''),
(145, 'AspNetCoreNlog', '2023-11-05 09:08:01', 'Debug', 'Found key {e250f2e6-f5e3-44a8-a5cd-32791bcf466a}.', 'Microsoft.AspNetCore.DataProtection.KeyManagement.XmlKeyManager', 'Microsoft.Extensions.Logging.LoggingExtensions.FoundKey', ''),
(146, 'AspNetCoreNlog', '2023-11-05 09:08:01', 'Debug', 'Considering key {e250f2e6-f5e3-44a8-a5cd-32791bcf466a} with expiration date 2024-01-20 09:35:49Z as default key.', 'Microsoft.AspNetCore.DataProtection.KeyManagement.DefaultKeyResolver', 'Microsoft.AspNetCore.DataProtection.KeyManagement.DefaultKeyResolver.FindDefaultKey', ''),
(147, 'AspNetCoreNlog', '2023-11-05 09:08:01', 'Debug', 'Forwarded activator type request from Microsoft.AspNetCore.DataProtection.XmlEncryption.DpapiXmlDecryptor, Microsoft.AspNetCore.DataProtection, Version=6.0.0.0, Culture=neutral, PublicKeyToken=adb9793829ddae60 to Microsoft.AspNetCore.DataProtection.XmlEncryption.DpapiXmlDecryptor, Microsoft.AspNetCore.DataProtection, Culture=neutral, PublicKeyToken=adb9793829ddae60', 'Microsoft.AspNetCore.DataProtection.TypeForwardingActivator', 'Microsoft.AspNetCore.DataProtection.TypeForwardingActivator.CreateInstance', ''),
(148, 'AspNetCoreNlog', '2023-11-05 09:08:01', 'Debug', 'Decrypting secret element using Windows DPAPI.', 'Microsoft.AspNetCore.DataProtection.XmlEncryption.DpapiXmlDecryptor', 'Microsoft.Extensions.Logging.LoggingExtensions.DecryptingSecretElementUsingWindowsDPAPI', ''),
(149, 'AspNetCoreNlog', '2023-11-05 09:08:01', 'Debug', 'Forwarded activator type request from Microsoft.AspNetCore.DataProtection.AuthenticatedEncryption.ConfigurationModel.AuthenticatedEncryptorDescriptorDeserializer, Microsoft.AspNetCore.DataProtection, Version=6.0.0.0, Culture=neutral, PublicKeyToken=adb9793829ddae60 to Microsoft.AspNetCore.DataProtection.AuthenticatedEncryption.ConfigurationModel.AuthenticatedEncryptorDescriptorDeserializer, Microsoft.AspNetCore.DataProtection, Culture=neutral, PublicKeyToken=adb9793829ddae60', 'Microsoft.AspNetCore.DataProtection.TypeForwardingActivator', 'Microsoft.AspNetCore.DataProtection.TypeForwardingActivator.CreateInstance', ''),
(150, 'AspNetCoreNlog', '2023-11-05 09:08:01', 'Debug', 'Opening CNG algorithm ''AES'' from provider ''(null)'' with chaining mode CBC.', 'Microsoft.AspNetCore.DataProtection.AuthenticatedEncryption.CngCbcAuthenticatedEncryptorFactory', 'Microsoft.Extensions.Logging.LoggingExtensions.OpeningCNGAlgorithmFromProviderWithChainingModeCBC', ''),
(151, 'AspNetCoreNlog', '2023-11-05 09:08:01', 'Debug', 'Opening CNG algorithm ''SHA256'' from provider ''(null)'' with HMAC.', 'Microsoft.AspNetCore.DataProtection.AuthenticatedEncryption.CngCbcAuthenticatedEncryptorFactory', 'Microsoft.Extensions.Logging.LoggingExtensions.OpeningCNGAlgorithmFromProviderWithHMAC', ''),
(152, 'AspNetCoreNlog', '2023-11-05 09:08:01', 'Debug', 'Using key {e250f2e6-f5e3-44a8-a5cd-32791bcf466a} as the default key.', 'Microsoft.AspNetCore.DataProtection.KeyManagement.KeyRingProvider', 'Microsoft.Extensions.Logging.LoggingExtensions.UsingKeyAsDefaultKey', ''),
(153, 'AspNetCoreNlog', '2023-11-05 09:08:01', 'Debug', 'Key ring with default key {e250f2e6-f5e3-44a8-a5cd-32791bcf466a} was loaded during application startup.', 'Microsoft.AspNetCore.DataProtection.Internal.DataProtectionHostedService', 'Microsoft.Extensions.Logging.LoggingExtensions.KeyRingWasLoadedOnStartup', ''),
(154, 'AspNetCoreNlog', '2023-11-05 09:08:01', 'Debug', 'Loaded hosting startup assembly WorkFM.API', 'Microsoft.AspNetCore.Hosting.Diagnostics', 'Microsoft.AspNetCore.Hosting.GenericWebHostService.StartAsync', ''),
(155, 'AspNetCoreNlog', '2023-11-05 09:08:01', 'Debug', 'Loaded hosting startup assembly Microsoft.AspNetCore.Watch.BrowserRefresh', 'Microsoft.AspNetCore.Hosting.Diagnostics', 'Microsoft.AspNetCore.Hosting.GenericWebHostService.StartAsync', ''),
(156, 'AspNetCoreNlog', '2023-11-05 09:08:01', 'Debug', 'Loaded hosting startup assembly Microsoft.WebTools.BrowserLink.Net', 'Microsoft.AspNetCore.Hosting.Diagnostics', 'Microsoft.AspNetCore.Hosting.GenericWebHostService.StartAsync', ''),
(157, 'AspNetCoreNlog', '2023-11-05 09:08:01', 'Info', 'Application started. Press Ctrl+C to shut down.', 'Microsoft.Hosting.Lifetime', 'Microsoft.Extensions.Hosting.Internal.ConsoleLifetime.OnApplicationStarted', ''),
(158, 'AspNetCoreNlog', '2023-11-05 09:08:01', 'Info', 'Hosting environment: Development', 'Microsoft.Hosting.Lifetime', 'Microsoft.Extensions.Hosting.Internal.ConsoleLifetime.OnApplicationStarted', ''),
(159, 'AspNetCoreNlog', '2023-11-05 09:08:01', 'Info', 'Content root path: D:\\source-code\\WorkFlowManagement\\WorkFlowManagement\\', 'Microsoft.Hosting.Lifetime', 'Microsoft.Extensions.Hosting.Internal.ConsoleLifetime.OnApplicationStarted', ''),
(160, 'AspNetCoreNlog', '2023-11-05 09:08:01', 'Info', 'Request starting HTTP/2 GET https://localhost:44328/swagger/index.html - -', 'Microsoft.AspNetCore.Hosting.Diagnostics', 'Microsoft.AspNetCore.Hosting.HostingApplicationDiagnostics.LogRequestStarting', ''),
(161, 'AspNetCoreNlog', '2023-11-05 09:08:01', 'Debug', 'Hosting started', 'Microsoft.Extensions.Hosting.Internal.Host', 'Microsoft.Extensions.Hosting.Internal.HostingLoggerExtensions.Started', ''),
(162, 'AspNetCoreNlog', '2023-11-05 09:08:01', 'Debug', 'Wildcard detected, all requests with hosts will be allowed.', 'Microsoft.AspNetCore.HostFiltering.HostFilteringMiddleware', 'Microsoft.AspNetCore.HostFiltering.LoggerExtensions.WildcardDetected', ''),
(163, 'AspNetCoreNlog', '2023-11-05 09:08:01', 'Trace', 'All hosts are allowed.', 'Microsoft.AspNetCore.HostFiltering.HostFilteringMiddleware', 'Microsoft.AspNetCore.HostFiltering.LoggerExtensions.AllHostsAllowed', ''),
(164, 'AspNetCoreNlog', '2023-11-05 09:08:01', 'Debug', 'No candidates found for the request path ''/swagger/index.html''', 'Microsoft.AspNetCore.Routing.Matching.DfaMatcher', 'Microsoft.AspNetCore.Routing.Matching.DfaMatcher.MatchAsync', ''),
(165, 'AspNetCoreNlog', '2023-11-05 09:08:01', 'Debug', 'Request did not match any endpoints', 'Microsoft.AspNetCore.Routing.EndpointRoutingMiddleware', 'Microsoft.AspNetCore.Routing.EndpointRoutingMiddleware+Log.MatchFailure', ''),
(166, 'AspNetCoreNlog', '2023-11-05 09:08:02', 'Debug', 'Response markup is scheduled to include browser refresh script injection.', 'Microsoft.AspNetCore.Watch.BrowserRefresh.BrowserRefreshMiddleware', 'Microsoft.AspNetCore.Watch.BrowserRefresh.ResponseStreamWrapper.OnWrite', ''),
(167, 'AspNetCoreNlog', '2023-11-05 09:08:02', 'Debug', 'Response markup was updated to include browser refresh script injection.', 'Microsoft.AspNetCore.Watch.BrowserRefresh.BrowserRefreshMiddleware', 'Microsoft.AspNetCore.Watch.BrowserRefresh.BrowserRefreshMiddleware.InvokeAsync', ''),
(168, 'AspNetCoreNlog', '2023-11-05 09:08:02', 'Info', 'Request finished HTTP/2 GET https://localhost:44328/swagger/index.html - - - 200 - text/html;charset=utf-8 542.1174ms', 'Microsoft.AspNetCore.Hosting.Diagnostics', 'Microsoft.AspNetCore.Hosting.HostingApplicationDiagnostics.LogRequestFinished', ''),
(169, 'AspNetCoreNlog', '2023-11-05 09:08:02', 'Debug', 'Connection ID "18374686481282236444" disconnecting.', 'Microsoft.AspNetCore.Server.IIS.Core.IISHttpServer', 'Microsoft.AspNetCore.Server.IIS.Core.IISHttpContext.AbortIO', ''),
(170, 'AspNetCoreNlog', '2023-11-05 09:08:02', 'Info', 'Request starting HTTP/2 GET https://localhost:44328/_framework/aspnetcore-browser-refresh.js - -', 'Microsoft.AspNetCore.Hosting.Diagnostics', 'Microsoft.AspNetCore.Hosting.HostingApplicationDiagnostics.LogRequestStarting', ''),
(171, 'AspNetCoreNlog', '2023-11-05 09:08:02', 'Debug', 'Connection ID "18302628891539275816" disconnecting.', 'Microsoft.AspNetCore.Server.IIS.Core.IISHttpServer', 'Microsoft.AspNetCore.Server.IIS.Core.IISHttpContext.AbortIO', ''),
(172, 'AspNetCoreNlog', '2023-11-05 09:08:02', 'Info', 'Request finished HTTP/2 GET https://localhost:44328/_framework/aspnetcore-browser-refresh.js - - - 200 11990 application/javascript;+charset=utf-8 17.8368ms', 'Microsoft.AspNetCore.Hosting.Diagnostics', 'Microsoft.AspNetCore.Hosting.HostingApplicationDiagnostics.LogRequestFinished', ''),
(173, 'AspNetCoreNlog', '2023-11-05 09:08:02', 'Info', 'Request starting HTTP/2 GET https://localhost:44328/_vs/browserLink - -', 'Microsoft.AspNetCore.Hosting.Diagnostics', 'Microsoft.AspNetCore.Hosting.HostingApplicationDiagnostics.LogRequestStarting', ''),
(174, 'AspNetCoreNlog', '2023-11-05 09:08:02', 'Debug', 'Connection ID "18374686489872171052" disconnecting.', 'Microsoft.AspNetCore.Server.IIS.Core.IISHttpServer', 'Microsoft.AspNetCore.Server.IIS.Core.IISHttpContext.AbortIO', ''),
(175, 'AspNetCoreNlog', '2023-11-05 09:08:02', 'Info', 'Request finished HTTP/2 GET https://localhost:44328/_vs/browserLink - - - 200 - text/javascript;+charset=UTF-8 87.1920ms', 'Microsoft.AspNetCore.Hosting.Diagnostics', 'Microsoft.AspNetCore.Hosting.HostingApplicationDiagnostics.LogRequestFinished', ''),
(176, 'AspNetCoreNlog', '2023-11-05 09:08:02', 'Info', 'Request starting HTTP/2 GET https://localhost:44328/swagger/v1/swagger.json - -', 'Microsoft.AspNetCore.Hosting.Diagnostics', 'Microsoft.AspNetCore.Hosting.HostingApplicationDiagnostics.LogRequestStarting', ''),
(177, 'AspNetCoreNlog', '2023-11-05 09:08:02', 'Trace', 'All hosts are allowed.', 'Microsoft.AspNetCore.HostFiltering.HostFilteringMiddleware', 'Microsoft.AspNetCore.HostFiltering.LoggerExtensions.AllHostsAllowed', ''),
(178, 'AspNetCoreNlog', '2023-11-05 09:08:02', 'Debug', 'No candidates found for the request path ''/swagger/v1/swagger.json''', 'Microsoft.AspNetCore.Routing.Matching.DfaMatcher', 'Microsoft.AspNetCore.Routing.Matching.DfaMatcher.MatchAsync', ''),
(179, 'AspNetCoreNlog', '2023-11-05 09:08:02', 'Debug', 'Request did not match any endpoints', 'Microsoft.AspNetCore.Routing.EndpointRoutingMiddleware', 'Microsoft.AspNetCore.Routing.EndpointRoutingMiddleware+Log.MatchFailure', ''),
(180, 'AspNetCoreNlog', '2023-11-05 09:08:03', 'Info', 'Request finished HTTP/2 GET https://localhost:44328/swagger/v1/swagger.json - - - 200 - application/json;charset=utf-8 449.3714ms', 'Microsoft.AspNetCore.Hosting.Diagnostics', 'Microsoft.AspNetCore.Hosting.HostingApplicationDiagnostics.LogRequestFinished', ''),
(181, 'AspNetCoreNlog', '2023-11-05 09:08:03', 'Debug', 'Connection ID "18302628891539275818" disconnecting.', 'Microsoft.AspNetCore.Server.IIS.Core.IISHttpServer', 'Microsoft.AspNetCore.Server.IIS.Core.IISHttpContext.AbortIO', '');

-- 
-- Dumping data for table user_workspace
--
INSERT INTO user_workspace VALUES
('015dbcbd-60ea-4a91-9eab-86ffeba7a0ba', '61f4e6a9-7541-4fe0-81e9-66d78980ef1f', '5a8a1182-7796-4ed6-8fec-854a395ad403', 1, '2023-11-23 11:09:11', '2023-11-23 11:09:11', '61f4e6a9-7541-4fe0-81e9-66d78980ef1f', '61f4e6a9-7541-4fe0-81e9-66d78980ef1f'),
('03b8dc84-5840-44da-a7f7-d94bd057aaed', '61f4e6a9-7541-4fe0-81e9-66d78980ef1f', '9ea06494-4b1e-4e07-8ff0-ca38a690b970', 1, '2023-11-09 08:49:08', '2023-11-09 08:49:08', '61f4e6a9-7541-4fe0-81e9-66d78980ef1f', '61f4e6a9-7541-4fe0-81e9-66d78980ef1f'),
('04547ab1-9e90-44bb-8dcd-3bd39d29a01e', '61f4e6a9-7541-4fe0-81e9-66d78980ef1f', 'c7b791fc-2321-467d-a9c8-c1d602d53c75', 1, '2023-11-09 09:16:09', '2023-11-09 09:16:09', '61f4e6a9-7541-4fe0-81e9-66d78980ef1f', '61f4e6a9-7541-4fe0-81e9-66d78980ef1f'),
('05971a09-e31e-476f-b00b-e67147367c81', '61f4e6a9-7541-4fe0-81e9-66d78980ef1f', 'daa6c0bc-2a6b-490b-be41-bf45ccbbc930', 1, '2023-11-09 09:05:46', '2023-11-09 09:05:46', '61f4e6a9-7541-4fe0-81e9-66d78980ef1f', '61f4e6a9-7541-4fe0-81e9-66d78980ef1f'),
('0f09371a-64af-41e8-9b18-f414b304db18', '61f4e6a9-7541-4fe0-81e9-66d78980ef1f', '294ec606-2c36-42e2-ba29-b1057e7f40f7', 1, '2023-11-09 09:19:13', '2023-11-09 09:19:13', '61f4e6a9-7541-4fe0-81e9-66d78980ef1f', '61f4e6a9-7541-4fe0-81e9-66d78980ef1f'),
('2670bc2e-32eb-4f2b-bb7a-522cd76f5b53', '61f4e6a9-7541-4fe0-81e9-66d78980ef1f', '9d050e86-3cbf-436f-a44c-b49f5f80bd83', 1, '2023-11-23 11:13:16', '2023-11-23 11:13:16', '61f4e6a9-7541-4fe0-81e9-66d78980ef1f', '61f4e6a9-7541-4fe0-81e9-66d78980ef1f'),
('62336ec6-b9d2-4657-8917-7ebf6b704bed', '61f4e6a9-7541-4fe0-81e9-66d78980ef1f', 'fe2c7736-1e6f-4a79-a47e-d8dec227b074', 1, '2023-11-09 08:57:20', '2023-11-09 08:57:20', '61f4e6a9-7541-4fe0-81e9-66d78980ef1f', '61f4e6a9-7541-4fe0-81e9-66d78980ef1f'),
('72514f2c-4729-497a-ac16-7c8bacf9394a', '61f4e6a9-7541-4fe0-81e9-66d78980ef1f', 'ee208f5f-8f43-4c0b-96ca-fd3375140499', 1, '2023-11-09 08:58:09', '2023-11-09 08:58:09', '61f4e6a9-7541-4fe0-81e9-66d78980ef1f', '61f4e6a9-7541-4fe0-81e9-66d78980ef1f'),
('aa48ba17-516f-4116-99bc-9e5509d7babe', '61f4e6a9-7541-4fe0-81e9-66d78980ef1f', '20578a93-7694-406e-80f1-074f516be585', 1, '2023-11-09 09:14:49', '2023-11-09 09:14:49', '61f4e6a9-7541-4fe0-81e9-66d78980ef1f', '61f4e6a9-7541-4fe0-81e9-66d78980ef1f'),
('ad8e135c-5ed8-4fbb-9522-46deb48e9de0', '61f4e6a9-7541-4fe0-81e9-66d78980ef1f', '827b9add-d8ec-4ca2-8881-fa06ed0c5f47', 1, '2023-11-09 09:21:00', '2023-11-09 09:21:00', '61f4e6a9-7541-4fe0-81e9-66d78980ef1f', '61f4e6a9-7541-4fe0-81e9-66d78980ef1f'),
('b8d17794-d5d8-4703-bf05-7d7a9018b8d0', '61f4e6a9-7541-4fe0-81e9-66d78980ef1f', '94c7d98e-efdd-4ea2-8235-26498389330c', 1, '2023-11-23 11:07:35', '2023-11-23 11:07:35', '61f4e6a9-7541-4fe0-81e9-66d78980ef1f', '61f4e6a9-7541-4fe0-81e9-66d78980ef1f'),
('ba01b332-c76c-447b-aebb-e57c259e9801', '61f4e6a9-7541-4fe0-81e9-66d78980ef1f', 'd0b08e90-0c16-4773-bc2b-0da644afc47b', 1, '2023-11-05 03:54:28', '2023-11-05 03:54:28', '61f4e6a9-7541-4fe0-81e9-66d78980ef1f', '61f4e6a9-7541-4fe0-81e9-66d78980ef1f'),
('e0f0bc09-2215-4069-a3d7-e2486fd12e13', '61f4e6a9-7541-4fe0-81e9-66d78980ef1f', 'cb28110f-e4ee-4992-8efc-2209e99e9f00', 1, '2023-11-09 09:18:35', '2023-11-09 09:18:35', '61f4e6a9-7541-4fe0-81e9-66d78980ef1f', '61f4e6a9-7541-4fe0-81e9-66d78980ef1f'),
('e2938301-5050-436d-a7d8-ade67b47082f', '61f4e6a9-7541-4fe0-81e9-66d78980ef1f', '5c0daa1b-c097-457a-abcb-e7c3e4a9154e', 1, '2023-11-09 09:15:02', '2023-11-09 09:15:02', '61f4e6a9-7541-4fe0-81e9-66d78980ef1f', '61f4e6a9-7541-4fe0-81e9-66d78980ef1f'),
('e882e70c-b0e0-4bbd-a631-7a87806f9040', '61f4e6a9-7541-4fe0-81e9-66d78980ef1f', 'b4ab3e00-8d7f-4a68-be42-751605949cb9', 1, '2023-11-04 16:44:26', '2023-11-04 16:44:26', '61f4e6a9-7541-4fe0-81e9-66d78980ef1f', '61f4e6a9-7541-4fe0-81e9-66d78980ef1f'),
('f173f31d-22c7-4014-b4eb-828b78928f23', '61f4e6a9-7541-4fe0-81e9-66d78980ef1f', 'aba2f60b-c8bb-441c-af08-ff3ede3d2182', 1, '2023-11-09 09:21:55', '2023-11-09 09:21:55', '61f4e6a9-7541-4fe0-81e9-66d78980ef1f', '61f4e6a9-7541-4fe0-81e9-66d78980ef1f'),
('f2c0a93f-e442-4da5-af7f-e8d85057b2a8', '61f4e6a9-7541-4fe0-81e9-66d78980ef1f', 'a7b627ca-061b-402a-b41c-44c7f4404b83', 1, '2023-11-09 09:20:19', '2023-11-09 09:20:19', '61f4e6a9-7541-4fe0-81e9-66d78980ef1f', '61f4e6a9-7541-4fe0-81e9-66d78980ef1f'),
('ff071244-b1e5-4a77-9792-624280d04062', '61f4e6a9-7541-4fe0-81e9-66d78980ef1f', 'b62ad39c-c514-49de-a94e-b10495ec51f8', 1, '2023-11-24 14:14:46', '2023-11-24 14:14:46', '61f4e6a9-7541-4fe0-81e9-66d78980ef1f', '61f4e6a9-7541-4fe0-81e9-66d78980ef1f');

-- 
-- Dumping data for table user_project
--
INSERT INTO user_project VALUES
('2b03401d-208e-43a3-8e2b-11bb1c0f4864', '61f4e6a9-7541-4fe0-81e9-66d78980ef1f', '42458a96-9108-4efb-b615-9e152c4dea47', 1, '2023-11-05 14:58:07', '2023-11-05 14:58:07', '61f4e6a9-7541-4fe0-81e9-66d78980ef1f', '61f4e6a9-7541-4fe0-81e9-66d78980ef1f', NULL),
('7a08a8db-c766-40dc-91f6-60fa9ec3430f', '61f4e6a9-7541-4fe0-81e9-66d78980ef1f', 'a92e2cd4-a8c7-43b7-b208-0492edb8872f', 1, '2023-11-19 16:02:31', '2023-11-19 16:02:31', '61f4e6a9-7541-4fe0-81e9-66d78980ef1f', '61f4e6a9-7541-4fe0-81e9-66d78980ef1f', NULL),
('8aa03615-e9f7-4ac7-9d77-af3c10e40f46', '61f4e6a9-7541-4fe0-81e9-66d78980ef1f', 'e89e14c4-e89a-424e-a7de-2af11bd8861f', 1, '2023-11-23 11:11:34', '2023-11-23 11:11:34', '61f4e6a9-7541-4fe0-81e9-66d78980ef1f', '61f4e6a9-7541-4fe0-81e9-66d78980ef1f', 0),
('b8b2dd39-0025-4775-a061-a640b840cf23', '61f4e6a9-7541-4fe0-81e9-66d78980ef1f', '04258bec-dad7-45c8-92cc-56fd0152cbd6', 1, '2023-11-23 11:14:00', '2023-11-23 11:14:00', '61f4e6a9-7541-4fe0-81e9-66d78980ef1f', '61f4e6a9-7541-4fe0-81e9-66d78980ef1f', 0),
('b948e148-3b56-4772-bb21-e448c63f4676', '61f4e6a9-7541-4fe0-81e9-66d78980ef1f', '113a1271-fdf5-4260-84f0-654e381ffc6e', 1, '2023-11-23 09:39:30', '2023-11-23 09:39:30', '61f4e6a9-7541-4fe0-81e9-66d78980ef1f', '61f4e6a9-7541-4fe0-81e9-66d78980ef1f', 0),
('d4885cb4-2cc4-43ff-b96e-bb0a55ffb79b', '61f4e6a9-7541-4fe0-81e9-66d78980ef1f', '829e7693-dec6-4ff6-a79a-ba13872786bf', 1, '2023-11-19 16:00:26', '2023-11-19 16:00:26', '61f4e6a9-7541-4fe0-81e9-66d78980ef1f', '61f4e6a9-7541-4fe0-81e9-66d78980ef1f', NULL),
('f230a5bf-a1ff-468e-b40c-6faed144e077', '61f4e6a9-7541-4fe0-81e9-66d78980ef1f', '88f211ce-9e2d-4cd5-a759-d549e42be04d', 1, '2023-11-23 09:42:23', '2023-11-23 09:42:23', '61f4e6a9-7541-4fe0-81e9-66d78980ef1f', '61f4e6a9-7541-4fe0-81e9-66d78980ef1f', 0);

-- 
-- Dumping data for table session
--
-- Table workflow_management.session does not contain any data (it is empty)

-- 
-- Dumping data for table refreshtoken
--
-- Table workflow_management.refreshtoken does not contain any data (it is empty)

-- 
-- Dumping data for table project
--
INSERT INTO project VALUES
('04258bec-dad7-45c8-92cc-56fd0152cbd6', '61f4e6a9-7541-4fe0-81e9-66d78980ef1f', '9d050e86-3cbf-436f-a44c-b49f5f80bd83', 'bang 1', 1, NULL, '2023-11-23 11:14:00', '61f4e6a9-7541-4fe0-81e9-66d78980ef1f', '2023-11-23 11:14:00', '61f4e6a9-7541-4fe0-81e9-66d78980ef1f'),
('113a1271-fdf5-4260-84f0-654e381ffc6e', '61f4e6a9-7541-4fe0-81e9-66d78980ef1f', '294ec606-2c36-42e2-ba29-b1057e7f40f7', 'build plan môn project 3', 1, NULL, '2023-11-23 09:39:30', '61f4e6a9-7541-4fe0-81e9-66d78980ef1f', '2023-11-23 09:39:30', '61f4e6a9-7541-4fe0-81e9-66d78980ef1f'),
('42458a96-9108-4efb-b615-9e152c4dea47', '61f4e6a9-7541-4fe0-81e9-66d78980ef1f', 'b4ab3e00-8d7f-4a68-be42-751605949cb9', 'project 3 update name', 1, NULL, '2023-11-05 14:58:07', '61f4e6a9-7541-4fe0-81e9-66d78980ef1f', '2023-11-05 14:58:07', '61f4e6a9-7541-4fe0-81e9-66d78980ef1f'),
('829e7693-dec6-4ff6-a79a-ba13872786bf', '61f4e6a9-7541-4fe0-81e9-66d78980ef1f', '294ec606-2c36-42e2-ba29-b1057e7f40f7', 'test project', 1, NULL, '2023-11-19 16:00:24', '61f4e6a9-7541-4fe0-81e9-66d78980ef1f', '2023-11-19 16:00:24', '61f4e6a9-7541-4fe0-81e9-66d78980ef1f'),
('88f211ce-9e2d-4cd5-a759-d549e42be04d', '61f4e6a9-7541-4fe0-81e9-66d78980ef1f', '294ec606-2c36-42e2-ba29-b1057e7f40f7', 'demo project', 2, NULL, '2023-11-23 09:42:23', '61f4e6a9-7541-4fe0-81e9-66d78980ef1f', '2023-11-23 09:42:23', '61f4e6a9-7541-4fe0-81e9-66d78980ef1f'),
('a92e2cd4-a8c7-43b7-b208-0492edb8872f', '61f4e6a9-7541-4fe0-81e9-66d78980ef1f', 'daa6c0bc-2a6b-490b-be41-bf45ccbbc930', 'test 2 ', 2, NULL, '2023-11-19 16:02:31', '61f4e6a9-7541-4fe0-81e9-66d78980ef1f', '2023-11-19 16:02:31', '61f4e6a9-7541-4fe0-81e9-66d78980ef1f'),
('e89e14c4-e89a-424e-a7de-2af11bd8861f', '61f4e6a9-7541-4fe0-81e9-66d78980ef1f', '5a8a1182-7796-4ed6-8fec-854a395ad403', 'du an test', 1, NULL, '2023-11-23 11:11:34', '61f4e6a9-7541-4fe0-81e9-66d78980ef1f', '2023-11-23 11:11:34', '61f4e6a9-7541-4fe0-81e9-66d78980ef1f');

-- 
-- Dumping data for table notification
--
-- Table workflow_management.notification does not contain any data (it is empty)

-- 
-- Dumping data for table kanban_default
--
-- Table workflow_management.kanban_default does not contain any data (it is empty)

-- 
-- Dumping data for table kanban
--
INSERT INTO kanban VALUES
('87f7bd4a-d51e-4360-8704-7927a1573830', 'e89e14c4-e89a-424e-a7de-2af11bd8861f', '61f4e6a9-7541-4fe0-81e9-66d78980ef1f', 'finised', 0, '2023-11-25 08:58:56', '61f4e6a9-7541-4fe0-81e9-66d78980ef1f', '2023-11-25 08:58:56', '61f4e6a9-7541-4fe0-81e9-66d78980ef1f', NULL),
('fbddafc1-01c8-45c1-b1d3-27ebe0cb0a6a', '113a1271-fdf5-4260-84f0-654e381ffc6e', '61f4e6a9-7541-4fe0-81e9-66d78980ef1f', 'Cần làm', 60000, '2023-11-26 04:26:24', '61f4e6a9-7541-4fe0-81e9-66d78980ef1f', '2023-11-26 04:26:24', '61f4e6a9-7541-4fe0-81e9-66d78980ef1f', NULL),
('5532bcc4-4fdf-4f4b-b302-25d81f6f5ace', '113a1271-fdf5-4260-84f0-654e381ffc6e', '61f4e6a9-7541-4fe0-81e9-66d78980ef1f', 'Đang làm', 120000, '2023-11-26 07:55:41', '61f4e6a9-7541-4fe0-81e9-66d78980ef1f', '2023-11-26 07:55:41', '61f4e6a9-7541-4fe0-81e9-66d78980ef1f', NULL),
('d826fb18-4605-4782-a215-f6bcc2423b92', '113a1271-fdf5-4260-84f0-654e381ffc6e', '61f4e6a9-7541-4fe0-81e9-66d78980ef1f', 'Hoàn thành', 180000, '2023-11-26 08:09:03', '61f4e6a9-7541-4fe0-81e9-66d78980ef1f', '2023-11-26 08:09:03', '61f4e6a9-7541-4fe0-81e9-66d78980ef1f', NULL),
('fec1583c-3f2a-4039-a5ed-d9faa4a0fd0e', '113a1271-fdf5-4260-84f0-654e381ffc6e', '61f4e6a9-7541-4fe0-81e9-66d78980ef1f', 'test', 240000, '2023-11-26 09:52:24', '61f4e6a9-7541-4fe0-81e9-66d78980ef1f', '2023-11-26 09:52:24', '61f4e6a9-7541-4fe0-81e9-66d78980ef1f', NULL),
('58251fd7-39d9-4a25-b139-02b6a9d4a53c', '113a1271-fdf5-4260-84f0-654e381ffc6e', '61f4e6a9-7541-4fe0-81e9-66d78980ef1f', 'test `', 300000, '2023-11-26 09:52:49', '61f4e6a9-7541-4fe0-81e9-66d78980ef1f', '2023-11-26 09:52:49', '61f4e6a9-7541-4fe0-81e9-66d78980ef1f', NULL),
('ec5c4f1a-29de-47fa-8ef6-3e9bd6992197', '113a1271-fdf5-4260-84f0-654e381ffc6e', '61f4e6a9-7541-4fe0-81e9-66d78980ef1f', 'test demo', 360000, '2023-12-03 03:12:11', '61f4e6a9-7541-4fe0-81e9-66d78980ef1f', '2023-12-03 03:12:11', '61f4e6a9-7541-4fe0-81e9-66d78980ef1f', NULL),
('263585d5-b7e4-4e82-8858-199ad2de0807', '829e7693-dec6-4ff6-a79a-ba13872786bf', '61f4e6a9-7541-4fe0-81e9-66d78980ef1f', 'cần làm', 60000, '2023-12-28 20:34:35', '61f4e6a9-7541-4fe0-81e9-66d78980ef1f', '2023-12-28 20:34:35', '61f4e6a9-7541-4fe0-81e9-66d78980ef1f', NULL);

-- 
-- Dumping data for table job
--
INSERT INTO job VALUES
('00d64d56-0556-45b2-80e2-e2acbc6bc4cb', '00000000-0000-0000-0000-000000000000', '00000000-0000-0000-0000-000000000000', 'job c3', NULL, NULL, NULL, 0, 0, NULL, '2023-12-09 15:04:38', '61f4e6a9-7541-4fe0-81e9-66d78980ef1f', '2023-12-09 15:04:38', '61f4e6a9-7541-4fe0-81e9-66d78980ef1f', 60000),
('0e86a829-7a7b-4ed7-bf7d-a23114e1c3f2', '12457cf0-caef-44cd-8c84-4ac782b1e110', '2af80b39-a04b-49d1-9b72-6c752e85d720', 'tes', NULL, '2024-01-01 15:05:45', NULL, 1, 0, NULL, '2023-12-09 15:18:03', '61f4e6a9-7541-4fe0-81e9-66d78980ef1f', '2024-01-01 15:05:45', 'admin', 150000),
('107188d6-1417-4a4a-843e-329b16d32c6e', 'e5df21c2-e799-4edc-8de9-2227923aaceb', '2af80b39-a04b-49d1-9b72-6c752e85d720', 'test 3', NULL, '2024-01-01 15:05:42', NULL, 1, 0, NULL, '2023-12-25 14:34:32', '61f4e6a9-7541-4fe0-81e9-66d78980ef1f', '2024-01-01 15:05:42', 'admin', 180000),
('35f94097-fcc8-4f88-99c4-03a5d4d83228', 'e5df21c2-e799-4edc-8de9-2227923aaceb', '2af80b39-a04b-49d1-9b72-6c752e85d720', 'job c3a ', NULL, '2023-12-28 23:51:20', NULL, 1, 0, NULL, '2023-12-09 15:07:50', '61f4e6a9-7541-4fe0-81e9-66d78980ef1f', '2023-12-28 23:51:20', 'admin', 270000),
('4d7c1ca6-0b30-4adf-997a-fb228fea3878', 'e5df21c2-e799-4edc-8de9-2227923aaceb', '2af80b39-a04b-49d1-9b72-6c752e85d720', 'fsfsd', NULL, '2024-01-01 15:05:42', NULL, 1, 0, NULL, '2023-12-14 11:37:13', '61f4e6a9-7541-4fe0-81e9-66d78980ef1f', '2024-01-01 15:05:42', 'admin', 225000),
('565af031-020d-4b79-892c-07c3905c6069', 'e5df21c2-e799-4edc-8de9-2227923aaceb', '2af80b39-a04b-49d1-9b72-6c752e85d720', 'test', NULL, '2024-01-01 15:05:43', NULL, 1, 0, NULL, '2023-12-25 14:31:10', '61f4e6a9-7541-4fe0-81e9-66d78980ef1f', '2024-01-01 15:05:43', 'admin', 60000),
('5ba2a8d6-568e-4124-ab5a-067ce377d35b', 'e5df21c2-e799-4edc-8de9-2227923aaceb', '2af80b39-a04b-49d1-9b72-6c752e85d720', 'rfasf', NULL, '2024-01-01 15:06:00', NULL, 1, 0, NULL, '2023-12-09 15:10:16', '61f4e6a9-7541-4fe0-81e9-66d78980ef1f', '2024-01-01 15:06:00', 'admin', 405000),
('725872f3-9277-4271-b8de-0d1bd76ad485', '7d12d590-7fda-40b5-8fb1-28cd448e89a6', '2af80b39-a04b-49d1-9b72-6c752e85d720', 'da2', NULL, '2023-12-27 23:04:20', NULL, 1, 0, NULL, '2023-12-09 15:22:20', '61f4e6a9-7541-4fe0-81e9-66d78980ef1f', '2023-12-27 23:04:20', 'admin', 120000),
('8e286731-b90b-4ef9-acbb-86a5fb8cf732', '24e6e125-0557-46f4-85ea-f17e0412898f', 'd20844d5-8335-45ab-964d-663b08d5c8b6', 'job1 ', NULL, '2023-12-27 23:01:42', NULL, 1, 0, NULL, '2023-12-27 22:59:17', '61f4e6a9-7541-4fe0-81e9-66d78980ef1f', '2023-12-27 23:01:39', 'admin', 60000),
('95394507-e323-4f5c-a698-eec4e88d0724', '12457cf0-caef-44cd-8c84-4ac782b1e110', '2af80b39-a04b-49d1-9b72-6c752e85d720', 'e', NULL, '2023-12-28 23:57:16', NULL, 1, 0, NULL, '2023-12-09 15:21:17', '61f4e6a9-7541-4fe0-81e9-66d78980ef1f', '2023-12-28 23:57:16', 'admin', 180000),
('acdddc22-05e7-4094-b0ce-4771bb91bd74', '7d12d590-7fda-40b5-8fb1-28cd448e89a6', '2af80b39-a04b-49d1-9b72-6c752e85d720', 'job one', NULL, '2023-12-31 21:44:23', NULL, 1, 0, NULL, '2023-12-09 13:55:16', '61f4e6a9-7541-4fe0-81e9-66d78980ef1f', '2023-12-31 21:44:23', 'admin', 30000),
('b98f6332-ddda-447a-a90f-0673b664a152', '12457cf0-caef-44cd-8c84-4ac782b1e110', '2af80b39-a04b-49d1-9b72-6c752e85d720', 'gs sdfg ', NULL, '2024-01-01 15:05:45', NULL, 1, 0, NULL, '2023-12-09 15:08:59', '61f4e6a9-7541-4fe0-81e9-66d78980ef1f', '2024-01-01 15:05:45', 'admin', 270000),
('c0e50900-0eae-47ce-ae25-869ec2ef0f74', '7d12d590-7fda-40b5-8fb1-28cd448e89a6', '2af80b39-a04b-49d1-9b72-6c752e85d720', 'aa1', NULL, '2024-01-01 15:05:47', NULL, 1, 0, NULL, '2023-12-09 15:21:51', '61f4e6a9-7541-4fe0-81e9-66d78980ef1f', '2024-01-01 15:05:47', 'admin', 60000),
('c632b1a3-a020-4444-a366-c15c5af3f5e9', '24e6e125-0557-46f4-85ea-f17e0412898f', 'd20844d5-8335-45ab-964d-663b08d5c8b6', 'job2', NULL, NULL, NULL, 0, 0, NULL, '2023-12-28 20:24:51', '61f4e6a9-7541-4fe0-81e9-66d78980ef1f', '2023-12-28 20:24:51', '61f4e6a9-7541-4fe0-81e9-66d78980ef1f', 120000),
('d48c8cf2-c1a2-420a-ace7-a0f892e8a517', 'e5df21c2-e799-4edc-8de9-2227923aaceb', '2af80b39-a04b-49d1-9b72-6c752e85d720', 'test 2', NULL, '2023-12-28 23:51:19', NULL, 1, 0, NULL, '2023-12-25 14:33:23', '61f4e6a9-7541-4fe0-81e9-66d78980ef1f', '2023-12-28 23:51:19', 'admin', 120000);

-- 
-- Dumping data for table favorite
--
-- Table workflow_management.favorite does not contain any data (it is empty)

-- 
-- Dumping data for table comment
--
-- Table workflow_management.comment does not contain any data (it is empty)

-- 
-- Dumping data for table checklist
--
INSERT INTO checklist VALUES
('12457cf0-caef-44cd-8c84-4ac782b1e110', 'checklist three', '2af80b39-a04b-49d1-9b72-6c752e85d720', 180000),
('24e6e125-0557-46f4-85ea-f17e0412898f', 'checklist 1', 'd20844d5-8335-45ab-964d-663b08d5c8b6', 60000),
('7d12d590-7fda-40b5-8fb1-28cd448e89a6', 'checkilst two', '2af80b39-a04b-49d1-9b72-6c752e85d720', 30000),
('b68520e1-2e37-49d8-b3ee-5cab054e5fc8', 'checkilst one', '2af80b39-a04b-49d1-9b72-6c752e85d720', 60000),
('e5df21c2-e799-4edc-8de9-2227923aaceb', 'checklist 4', '2af80b39-a04b-49d1-9b72-6c752e85d720', 120000);

-- 
-- Dumping data for table card_attachment
--
INSERT INTO card_attachment VALUES
('2af80b39-a04b-49d1-9b72-6c752e85d720', 'ef62b42c-cdc0-4eef-ab1f-3dea18865cad'),
('702669cd-e90f-409a-bac0-421ce1e484d2', '0a9296c6-aa40-4cba-9308-bdb268090c61'),
('2af80b39-a04b-49d1-9b72-6c752e85d720', '0c4a43a7-855c-41fe-8b8e-b282c3f6152f'),
('2af80b39-a04b-49d1-9b72-6c752e85d720', '52b411f7-11c6-4882-929b-e4eaddd6961c'),
('2af80b39-a04b-49d1-9b72-6c752e85d720', '51de3b1b-2844-4971-ab06-24f1cc677e6e'),
('2af80b39-a04b-49d1-9b72-6c752e85d720', '78334cc9-71c2-4591-9c21-70c6662e6215'),
('2af80b39-a04b-49d1-9b72-6c752e85d720', '3f64a7e2-7ab6-4337-b784-94743199789f'),
('2af80b39-a04b-49d1-9b72-6c752e85d720', '059feeaf-bffe-416f-a077-f87fa2b67697'),
('2af80b39-a04b-49d1-9b72-6c752e85d720', '4b227d80-125e-43c1-ac6a-243649884458'),
('2af80b39-a04b-49d1-9b72-6c752e85d720', '8e882261-d326-4bd5-b66a-ec0580bfaeeb'),
('2af80b39-a04b-49d1-9b72-6c752e85d720', '344a07fd-4009-49df-b946-b1757a057fe6'),
('2af80b39-a04b-49d1-9b72-6c752e85d720', '33a837af-8c68-4112-bb61-671b0526e48f'),
('2af80b39-a04b-49d1-9b72-6c752e85d720', '8ed196a9-8ee6-4d76-ac3e-659e39109d4a'),
('2af80b39-a04b-49d1-9b72-6c752e85d720', '5af704e4-d256-4b7b-a80b-6d61da92c0d5'),
('2af80b39-a04b-49d1-9b72-6c752e85d720', '73c7bcf2-e0f3-4e3b-8074-4fa7c061b0b9'),
('2af80b39-a04b-49d1-9b72-6c752e85d720', 'f3d43866-0674-4579-a6fa-024fc32a65bc'),
('2af80b39-a04b-49d1-9b72-6c752e85d720', '11cdce44-9d8b-4795-85f0-aa59c5014bc9'),
('2af80b39-a04b-49d1-9b72-6c752e85d720', '7c3def5b-d028-49f7-94ff-f792a777ee98'),
('2af80b39-a04b-49d1-9b72-6c752e85d720', 'e33bb275-55e5-4f6b-a191-84d6c4bd8997'),
('2af80b39-a04b-49d1-9b72-6c752e85d720', '14adaf77-5606-4eea-84ae-31fd74963806'),
('2af80b39-a04b-49d1-9b72-6c752e85d720', '85d777b4-3265-4011-8ea4-6df4675133e7'),
('2af80b39-a04b-49d1-9b72-6c752e85d720', 'e69985f3-86a7-4d24-a3e5-943d27d4785c');

-- 
-- Dumping data for table card
--
INSERT INTO card VALUES
('2318edbb-37cc-4bc4-b9be-e841dad00e28', 'tesst ', '5532bcc4-4fdf-4f4b-b302-25d81f6f5ace', NULL, NULL, NULL, NULL, '2023-12-02 11:19:53', '61f4e6a9-7541-4fe0-81e9-66d78980ef1f', '2023-12-02 11:19:53', '61f4e6a9-7541-4fe0-81e9-66d78980ef1f', 0, 0, '61f4e6a9-7541-4fe0-81e9-66d78980ef1f', NULL, 45000, NULL),
('262be3c6-825e-4dc2-b31c-f2e594f11038', 'localize gfgd', 'fbddafc1-01c8-45c1-b1d3-27ebe0cb0a6a', NULL, NULL, NULL, NULL, '2023-11-26 10:32:00', '61f4e6a9-7541-4fe0-81e9-66d78980ef1f', '2023-11-26 10:32:00', '61f4e6a9-7541-4fe0-81e9-66d78980ef1f', 0, 0, '61f4e6a9-7541-4fe0-81e9-66d78980ef1f', NULL, 72081.298828125, NULL),
('2af80b39-a04b-49d1-9b72-6c752e85d720', 'demo them attachment', 'fbddafc1-01c8-45c1-b1d3-27ebe0cb0a6a', NULL, NULL, NULL, '<p>jfl;kasf</p><ol><li>fdsaf</li><li>fsad</li><li>sa</li><li>fsaf</li></ol>', '2023-11-28 14:57:23', '61f4e6a9-7541-4fe0-81e9-66d78980ef1f', '2023-11-28 14:57:23', '61f4e6a9-7541-4fe0-81e9-66d78980ef1f', 0, 0, '61f4e6a9-7541-4fe0-81e9-66d78980ef1f', NULL, 3459902.34375, NULL),
('702669cd-e90f-409a-bac0-421ce1e484d2', 'giao ban t11', '5532bcc4-4fdf-4f4b-b302-25d81f6f5ace', NULL, NULL, NULL, 'demo create card', '2023-11-26 07:37:17', '61f4e6a9-7541-4fe0-81e9-66d78980ef1f', '2023-11-26 07:37:17', '61f4e6a9-7541-4fe0-81e9-66d78980ef1f', 0, 0, '61f4e6a9-7541-4fe0-81e9-66d78980ef1f', NULL, 135000, NULL),
('8806aff2-729b-458d-999c-4f491a25e44e', 'tesst card', '58251fd7-39d9-4a25-b139-02b6a9d4a53c', NULL, NULL, NULL, NULL, '2023-11-26 10:21:18', '61f4e6a9-7541-4fe0-81e9-66d78980ef1f', '2023-11-26 10:21:18', '61f4e6a9-7541-4fe0-81e9-66d78980ef1f', 0, 0, '61f4e6a9-7541-4fe0-81e9-66d78980ef1f', NULL, 0, NULL),
('a49882c3-f06d-4a4d-931f-4965b8abd8a1', 'xây dựng kế hoạch', 'fbddafc1-01c8-45c1-b1d3-27ebe0cb0a6a', NULL, NULL, NULL, NULL, '2023-11-26 10:05:56', '61f4e6a9-7541-4fe0-81e9-66d78980ef1f', '2023-11-26 10:05:56', '61f4e6a9-7541-4fe0-81e9-66d78980ef1f', 0, 0, '61f4e6a9-7541-4fe0-81e9-66d78980ef1f', NULL, 36040.6494140625, NULL),
('c69a89bf-fed2-4baf-a0c9-a6013da20e75', 'giao ban t11', 'fbddafc1-01c8-45c1-b1d3-27ebe0cb0a6a', NULL, NULL, NULL, 'demo create card 2', '2023-11-26 07:37:06', '61f4e6a9-7541-4fe0-81e9-66d78980ef1f', '2023-11-26 07:37:06', '61f4e6a9-7541-4fe0-81e9-66d78980ef1f', 0, 0, '61f4e6a9-7541-4fe0-81e9-66d78980ef1f', NULL, 54060.97412109375, NULL),
('d20844d5-8335-45ab-964d-663b08d5c8b6', 'ggg', 'd826fb18-4605-4782-a215-f6bcc2423b92', NULL, NULL, NULL, '<ul><li>abc</li><li>fix bug</li><li>ass</li></ul>', '2023-11-29 15:03:56', '61f4e6a9-7541-4fe0-81e9-66d78980ef1f', '2023-11-29 15:03:56', '61f4e6a9-7541-4fe0-81e9-66d78980ef1f', 0, 0, '61f4e6a9-7541-4fe0-81e9-66d78980ef1f', NULL, 60000, NULL);

-- 
-- Dumping data for table attachment
--
INSERT INTO attachment VALUES
('ef62b42c-cdc0-4eef-ab1f-3dea18865cad', 'attachment', '75d31a4c-623e-49a6-baed-0f2df1414832.png', 'Screenshot 2023-11-26 230325.png', 'image/png', 143899, 4, '2023-12-14 16:38:20', '00000000-0000-0000-0000-000000000000', '2023-12-14 16:38:20', '00000000-0000-0000-0000-000000000000'),
('0a9296c6-aa40-4cba-9308-bdb268090c61', 'attachment', '09b6f9e3-a733-498e-8ec4-7dd8920800fe.png', 'Screenshot 2023-11-26 213534.png', 'image/png', 219527, 4, '2023-12-14 18:37:55', '00000000-0000-0000-0000-000000000000', '2023-12-14 18:37:55', '00000000-0000-0000-0000-000000000000'),
('e33bb275-55e5-4f6b-a191-84d6c4bd8997', 'attachment', '5f60de86-63a9-4f4e-b405-263ea89eb56a.txt', 'tientrot10.txt', 'text/plain', 103, 4, '2023-12-17 16:13:13', '61f4e6a9-7541-4fe0-81e9-66d78980ef1f', '2023-12-17 16:13:13', '61f4e6a9-7541-4fe0-81e9-66d78980ef1f'),
('14adaf77-5606-4eea-84ae-31fd74963806', 'attachment', '6fc389d3-d078-4846-951e-0a123f25a559.pdf', 'Lesson 2_Functions.pdf', 'application/pdf', 704083, 4, '2023-12-17 16:59:13', '61f4e6a9-7541-4fe0-81e9-66d78980ef1f', '2023-12-17 16:59:13', '61f4e6a9-7541-4fe0-81e9-66d78980ef1f'),
('e69985f3-86a7-4d24-a3e5-943d27d4785c', 'attachment', '41c73cfb-54db-4be3-ad6e-fde62b774ff9.jpg', 'c7920fbb-5015-44d6-a54e-671c5e61d327.jpg', 'image/jpeg', 110227, 4, '2023-12-21 18:55:31', '61f4e6a9-7541-4fe0-81e9-66d78980ef1f', '2023-12-21 18:55:31', '61f4e6a9-7541-4fe0-81e9-66d78980ef1f');

-- 
-- Restore previous SQL mode
-- 
/*!40101 SET SQL_MODE=@OLD_SQL_MODE */;

-- 
-- Enable foreign keys
-- 
/*!40014 SET FOREIGN_KEY_CHECKS = @OLD_FOREIGN_KEY_CHECKS */;